director_id,director_name
1,KIRSTEN JOHNSON
2,JULIEN LECLERCQ
3,MIKE FLANAGAN
4,ROBERT CULLEN
5,JOSÉ LUIS UCHA
6,HAILE GERIMA
7,ANDY DEVONSHIRE
8,THEODORE MELFI
9,KONGKIAT KOMESIRI
10,CHRISTIAN SCHWOCHOW
11,BRUNO GAROTTI
12,PEDRO DE ECHAVE GARCÍA
13,PABLO AZORÍN WILLIAMS
14,ADAM SALKY
15,OLIVIER MEGATON
16,K.S. RAVIKUMAR
17,ALEX WOO
18,STANLEY MOORE
19,S. SHANKAR
20,RAJIV MENON
21,DENNIS DUGAN
22,SCOTT STEWART
23,ROBERT LUKETIC
24,ASHWINY IYER TIWARI
25,ABHISHEK CHAUBEY
26,SAKET CHAUDHARY
27,DANIEL SANDU
28,CÉDRIC JIMENEZ
29,GEORGE NOLFI
30,STEVEN SPIELBERG
31,JEANNOT SZWARC
32,JOE ALVES
33,JOSEPH SARGENT
34,TYLER GRECO
35,DANIEL ESPINOSA
36,BUNMI AJAKAIYE
37,ANTOINE FUQUA
38,TOSHIYA SHINOHARA
39,MASAHIKO MURATA
40,HAJIME KAMEGAKI
41,HIROTSUGU KAWASAKI
42,TOSHIYUKI TSURU
43,TENSAI OKAMURA
44,DAVID YAROVESKY
45,HANNS-BRUNO KAMMERTÖNS
46,VANESSA NÖCKER
47,MICHAEL WECH
48,DAVID A. VARGAS
49,KEMI ADETIBA
50,BEN SIMMS
51,PRAKASH SATAM
52,DELHIPRASAD DEENADAYALAN
53,TOMER ESHED
54,CEDRIC NICOLAS-TROYAN
55,JJC SKILLZ
56,FUNKE AKINDELE
57,THOMAS SIEBEN
58,MARCUS CLARKE
59,ALICE WADDINGTON
60,MONA ACHACHE
61,PATRICIA TOURANCHEAU
62,ALEXIS ALMSTRÖM
63,RAJA GOSNELL
64,STEPHEN KIJAK
65,CHAPMAN WAY
66,MACLAIN WAY
67,JASON HEHIR
68,YEMI AMODU
69,LIJO JOSE PELLISSERY
70,DAVID DE VOS
71,LUIS ALFARO
72,JAVIER GÓMEZ SANTANDER
73,SARA COLANGELO
74,STEPHEN HEREK
75,RAHUL RAWAIL
76,JANE CAMPION
77,NAGESH KUKUNOOR
78,LUKE HOLLAND
79,SHANKER RAMAN
80,JP HABAC
81,VIDHU VINOD CHOPRA
82,MARK ROSMAN
83,GILLES PAQUET-BRENNER
84,LASSE HALLSTRÖM
85,SCOTT PLEYDELL-PEARCE
86,RIDLEY SCOTT
87,NEILL BLOMKAMP
88,PHILLIP NOYCE
89,RENNY HARLIN
90,ANTHONY MINGHELLA
91,SIMON WINCER
92,SPIKE LEE
93,SEBASTIÁN SCHINDEL
94,STEVEN C. MILLER
95,RICHARD LAGRAVENESE
96,MARTIN CAMPBELL
97,REGINALD HUDLIN
98,GEORGE JACKSON
99,DOUG MCHENRY
100,ERIC MEZA
101,GERHARD MOSTERT
102,MICHAEL MARTIN
103,MICHAEL RYMER
104,ANDREW LAU WAI-KEUNG
105,ALAN MAK
106,BRETT WEINER
107,JIM HENSON
108,GARY WINICK
109,DANISHKA ESTERHAZY
110,TROY BYER
111,PANG HO-CHEUNG
112,TIM BURTON
113,DAVID ZUCKER
114,KINKA USHER
115,SERGIO LEONE
116,MATTHEW O'CALLAGHAN
117,TODD WILDERMAN
118,BOBBY FARRELLY
119,PETER FARRELLY
120,WOLFGANG PETERSEN
121,PETER SPIRER
122,MICHAEL CARNEY
123,RICHARD LINKLATER
124,AMY RICE
125,RANDAL KLEISER
126,MICHAEL RITCHIE
127,J. LEE THOMPSON
128,EVAN GOLDBERG
129,SETH ROGEN
130,TOM SHADYAC
131,PETER SEGAL
132,MALCOLM D. LEE
133,RAMZY BEDIA
134,ÉRIC JUDOR
135,SHARAN KOPPISETTY
136,TAYLOR SHERIDAN
137,SACHIN YARDI
138,SAURABH KABRA
139,MARK WATERS
140,PARTHO MITRA
141,SANTRAM VARMA
142,ANIL V. KUMAR
143,ANURAG BASU
144,SANGEETH SIVAN
145,UMESH GHADGE
146,DAVID DHAWAN
147,DIBAKAR BANERJEE
148,APOORVA LAKHIA
149,MILAN LUTHRIA
150,PAWAN KRIPALANI
151,BHUSHAN PATEL
152,MAGNUS MARTENS
153,RAJ NIDIMORU
154,KRISHNA D.K.
155,JOSHUA ROFÉ
156,BRAD ANDERSON
157,MAURICIO DIAS
158,TATIANA VILLELA
159,ANGEL KRISTI WILLIAMS
160,ROGER DONALDSON
161,CHRISTOPHER ALENDER
162,RUSH STURGES
163,DAVID OYELOWO
164,MARK LO
165,CRYSTAL MOSELLE
166,RATHINDRAN R PRASAD
167,HAN KWANG IL
168,KARIM EL SHENAWY
169,YIN CHEN-HAO
170,BRIAN ANDREW MENDOZA
171,DAVE NEEDHAM
172,VERONICA VELASCO
173,DRAKE DOREMUS
174,MIGUEL ALEXANDRE
175,MANI RATNAM
176,MICHAEL HARTE
177,TOSIN IGHO
178,ALICE FILIPPI
179,PAAKHI TYREWALA
180,LAURA BROWNSON
181,STEVE BRILL
182,MOSES INWANG
183,FERDINANDO CITO FILOMARINO
184,JUAN CARLOS MEDINA
185,INMA TORRENTE
186,JULIÁN GAVIRIA
187,STEVEN YAMAMOTO
188,CHARLES UWAGBAI
189,JULIÁN HERNÁNDEZ
190,SAM HOBKINSON
191,VINCE MARCELLO
192,JONATHAN TEPLITZKY
193,SAKON TIACHAROEN
194,FLOYD RUSS
195,DUSTIN HOFFMAN
196,ADZE UGAH
197,HIDEAKI TAKIZAWA
198,QUOC BAO TRAN
199,BEJOY NAMBIAR
200,PRIYADARSHAN
201,KARTHIK NARAIN
202,VASANTH SAI
203,KARTHIK SUBBARAJ
204,ARVIND SWAMY
205,SARJUN
206,GAUTHAM VASUDEV MENON
207,KAYODE KASUM
208,JUST PHILIPPOT
209,KIRK DEMICCO
210,BRANDON JEFFORDS
211,ROHIT SHETTY
212,CAVI BORGES
213,LUCIANO VIDIGAL
214,ALEJANDRO DORIA
215,LAURA FAIRRIE
216,MARCELO PIÑEYRO
217,IZU OJUKWU
218,PETER WINTHER
219,SUSAN LACY
220,BILLY CORBEN
221,JAMES MANGOLD
222,CHINEZE ANYAENE
223,HSU FU-CHUN
224,KRISTINE STOLAKIS
225,EVA MÜLLER
226,MICHAEL SCHMITT
227,BRIAN LEVANT
228,ROD DANIEL
229,ROBERT ZEMECKIS
230,TODOR CHAPKANOV
231,PHIL LORD
232,CHRISTOPHER MILLER
233,JOHN HUGHES
234,JUSTIN BALDONI
235,JOE ROTH
236,MARK HELFRICH
237,MAG HSU
238,HSU CHIH-YEN
239,CHRISTOPHER NOLAN
240,PAUL THOMAS ANDERSON
241,NICK CASTLE
242,HOWARD ZIEFF
243,DAVID FEISS
244,DAVID GORDON GREEN
245,JORGE BLANCO
246,ZARA HAYES
247,GARY ROSS
248,CLINT EASTWOOD
249,TREY PARKER
250,KELLY FREMON CRAIG
251,TOM ELKINS
252,TONY SCOTT
253,BRAD FURMAN
254,SYLVAIN WHITE
255,IRWIN WINKLER
256,GARRY MARSHALL
257,KENNETH GYANG
258,JAUME BALAGUERÓ
259,NAJWA NAJJAR
260,SELÇUK METIN
261,KEISHI OTOMO
262,DAVID CHARHON
263,MICHELLE BELLO
264,STEVEN TSUCHIDA
265,DANIEL MARKOWICZ
266,LOUIE SCHWARTZBERG
267,GLEN WINTER
268,RAM GOPAL VARMA
269,DAVID BENULLO
270,LAXMAN UTEKAR
271,ROYALE WATKINS
272,RICH SCHLANSKER
273,YUVAL ADLER
274,QUENTIN TARANTINO
275,CLAY GLEN
276,MUZI MTHEMBU
277,MARCOS BUCAY
278,PETER THORWARTH
279,KIM SEONG-HUN
280,AUGUSTINE FRIZZELL
281,SIDHESWAR SHUKLA
282,RAJIV CHILAKA
283,BINAYAK DAS
284,ARPAN SARKAR
285,SHYAMAL CHAULIA
286,OWLL MINA
287,AINSLEY GARDINER
288,BRIAR GRACE-SMITH
289,MAHMOUD KARIM
290,KYOHEI ISHIGURO
291,SEYI BABATOPE
292,JOHANE MATTE
293,ANDREW L. SCHMIDT
294,FRANCISCO RUIZ VELASCO
295,MORGAN INGARI
296,ABDULAZIZ ALSHLAHEI
297,EDWARD DRAKE
298,KATHRYN FASEGHA
299,SITA LIKITVANICHKUL
300,JETARIN RATANASERIKIAT
301,APIRAK SAMUDKITPAISAN
302,THANABODEE UAWITHYA
303,ADIREK WATTALEELA
304,LEIGH JANIAK
305,LUIS ESTRADA
306,GARRETT BRADLEY
307,SOFIA COPPOLA
308,COLIN TREVORROW
309,BILL CONDON
310,DAVID SLADE
311,CHRIS WEITZ
312,CATHERINE HARDWICKE
313,HADRAH DAENG RATU
314,TOMMY CHONG
315,FRED OURO PRETO
316,MAYYE ZAYED
317,ALESSANDRA DE ROSSI
318,ASH BRANNON
319,CHRIS BUCK
320,ALAA EDDINE ALJEM
321,TOM DONAHUE
322,ROBERTO DE FEO
323,PAOLO STRIPPOLI
324,NAVOT PAPUSHADO
325,MANUEL ALCALÁ
326,RICARDO TROGI
327,SEMI CHELLAS
328,AKAY MASON
329,ABOSI OGBA
330,VIRIDIANA LIEBERMAN
331,NIMA NOURIZADEH
332,DANIEL RŮŽIČKA
333,JURAJ ŠAJMOVIČ
334,FEMI D. OGUNSANWO
335,DOUGLAS ATTAL
336,KIM JOO-HYUNG
337,AVI FEDERGREEN
338,JERICCA CLELAND
339,KEVIN MUNROE
340,AHMED SIDDIQUI
341,HALLIE MEYERS-SHYER
342,SCOTT SPEER
343,BARRY LEVINSON
344,TOLULOPE ITEGBOJE
345,CAMILLE DELAMARRE
346,PASCAL ATUMA
347,OLEG TROFIM
348,MAHMOOD ALI-BALOGUN
349,JAN HOLOUBEK
350,ANURIN NWUNEMBOM
351,MUSING DERRICK
352,CHRISTINE LUBY
353,UDOKA OYEKA
354,YEO SIEW HUA
355,HARDIK MEHTA
356,RAJVEER SINGH MAAN
357,HARPEET SINGH
358,YOUSSEF CHAHINE
359,SAW TEONG HIN
360,NIK AMIR MUSTAPHA
361,M.S. PREM NATH
362,RANO KARNO
363,PRAMOD PAWAR
364,NARESH SAIGAL
365,VINIL MATHEW
366,NERI PARENTI
367,RAMSEY NOUAH
368,BONG JOON HO
369,KIM TAE-HYUNG
370,MICHAEL SPIERIG
371,PETER SPIERIG
372,ERNIE BARBARASH
373,MATT OGENS
374,JAY ROACH
375,MCG
376,FRANK MARSHALL
377,VICTOR VU
378,CHOW HIN YEUNG ROY
379,JOEL HOPKINS
380,JOHN STEVENSON
381,MARK OSBORNE
382,JENNIFER YUH NELSON
383,GREG BERLANTI
384,GARTH DAVIS
385,MALIK NEJER
386,ROB MARSHALL
387,MARTIN BREST
388,SHUKO MURASE
389,PAUL W.S. ANDERSON
390,IVAN REITMAN
391,JOEL GALLEN
392,CLAIRE MCCARTHY
393,MARY LAMBERT
394,SIDHARTA TATA
395,ACO TENRIYAGELLI
396,DIAN SASTROWARDOYO
397,IFA ISFANSYAH
398,JASON ISKANDAR
399,TREVOR NUNN
400,GABRIELE MUCCINO
401,JIM FIELD SMITH
402,CHRIS KOCH
403,J.J. ABRAMS
404,ROB MINKOFF
405,LYNN SHELTON
406,ADAM MCKAY
407,ANTON CORBIJN
408,ROBIN BISSELL
409,DAVID FINCHER
410,JOHN G. AVILDSEN
411,ALAN PARKER
412,WALTER HILL
413,STEPHEN FREARS
414,BRYAN BERTINO
415,PHIL ALDEN ROBINSON
416,FLORIAN HENCKEL VON DONNERSMARCK
417,LEN WISEMAN
418,MÅNS MÅRLIND
419,BJÖRN STEIN
420,PATRICK TATOPOULOS
421,ROBERT O. PETERS
422,VINCENT WARD
423,GREGORY NAVA
424,MARY HARRON
425,MATT THOMPSON
426,JAMEEL BUARI
427,SHEN LEPING
428,MATT ASELTON
429,JOSE JAVIER REYES
430,JAKUB PIĄTEK
431,JOHN DOWER
432,B. T THOMAS
433,ANDREW DOMINIK
434,NIBAL ARAKJI
435,SOFIE ŠUSTKOVÁ
436,ANISSA BONNEFONT
437,BAHIJ HOJEIJ
438,JONATHAN HENSLEIGH
439,SRIJIT MUKHERJI
440,VASAN BALA
441,JUSTIN P. LANGE
442,KIMMY GATEWOOD
443,TÀNIA BALLÓ
444,MANOLO CARO
445,JAYME MONJARDIM
446,KINGSLEY OGORO
447,CRISTINA JACOB
448,FERNANDO MORO
449,IVAN ANDREW PAYAWAL
450,YOSHIYUKI TOMINO
451,YOSHIKAZU YASUHIKO
452,ROB SEIDENGLANZ
453,SIMON FREDERICK
454,MICHIHITO FUJII
455,PAUL WEITZ
456,LUCKY KUSWANDI
457,SOUDADE KAADAN
458,ANTOINETTE JADAONE
459,MARIE CLEMENTS
460,DAVID O. RUSSELL
461,ACHILLE BRICE
462,MAX JABS
463,SARAWUT WICHIENSARN
464,RICARDO DE MONTREUIL
465,PETER CHELSOM
466,MICHAEL LOCKSHIN
467,FRANCINE PARKER
468,DANIEL SCHECHTER
469,MIKE GUNTHER
470,DAVID ZEIGER
471,MICHAEL SIMON
472,JERRY ROTHWELL
473,JOE BERLINGER
474,BRUCE SINOFSKY
475,IAN CHENEY
476,SHARON SHATTUCK
477,BRADLEY PARKER
478,PRABHAKARAN
479,MANJARI MAKIJANY
480,JAY OLIVA
481,CHRIS APPELHANS
482,MICHAEL TIDDES
483,LARA SABA
484,BAO NHAN
485,NAMCITO
486,MARK RASO
487,TARIQ ALKAZIM
488,YULENE OLAIZOLA
489,MATTHEW HEINEMAN
490,ROBERT PETERS
491,JONATHAN CLAY
492,ALLY PANKIW
493,GEORGE FORD
494,LEE KAE-BYEOK
495,JAYAN MOODLEY
496,DANIEL BENMAYOR
497,ALEX DÍAZ
498,HELENA BERGSTRÖM
499,ALEJANDRO DE GRAZIA
500,JUAN STADLER
501,MYRIAM FARES
502,CHIAKI KON
503,RAE RED
504,LANCE HOOL
505,NICOLE CONN
506,LES MAYFIELD
507,ELLEN SEIDLER
508,MEGAN SILER
509,ROGER CHRISTIAN
510,PETER GALISON
511,LANCE YOUNG
512,LEANDRO NERI
513,THOM FITZGERALD
514,DON MICHAEL PAUL
515,ANDRZEJ BARTKOWIAK
516,HAROLD BECKER
517,ANDREW JENKS
518,RIC ROMAN WAUGH
519,ROB REINER
520,ANDY TENNANT
521,TADE OGIDAN
522,SCOTT SPIEGEL
523,JESSIE NELSON
524,THEODORE WITCHER
525,AURORA GUERRERO
526,MICHAEL JAI WHITE
527,JAMES MCTEIGUE
528,TAKUYA IGARASHI
529,MICHELLE MACLAREN
530,HIDENORI INOUE
531,TODD PHILLIPS
532,STEVE BALL
533,DOMINIC SENA
534,ALAN ALDA
535,MIKA KAURISMÄKI
536,SYDNEY POLLACK
537,LORENE SCAFARIA
538,BARBRA STREISAND
539,MICHAEL WINTERBOTTOM
540,EMMA TAMMI
541,PETER HUTCHINGS
542,GEORGE RATLIFF
543,BO BURNHAM
544,EKENE SOM MEKWUNYE
545,DAVID FRANKEL
546,KEVIN JOHNSON
547,JOSÉ LARRAZA
548,MARC PONS
549,GARY SING
550,JULIO QUINTANA
551,PAWEEN PURIJITPANYA
552,PABLO FARO
553,LETIZIA LAMARTIRE
554,RAY JIANG
555,DANIEL VERNON
556,STEVE GUKAS
557,TIM JOHNSON
558,VISHWESH KRISHNAMOORTHY
559,ZACK SNYDER
560,UDUAK-OBONG PATRICK
561,MOHAMED DIAB
562,AMR SALAMA
563,CHRISTOPHER AMOS
564,ROBERT RODRIGUEZ
565,DAVID AYER
566,ESHOM NELMS
567,IAN NELMS
568,JAMES MOLL
569,JAMES REDFORD
570,KAASHVIE NAIR
571,J.D. DILLARD
572,NIKHIL PHERWANI
573,MAE CZARINA CRUZ
574,PRAVEEN KANDREGULA
575,CECILIA VERHEYDEN
576,DANIEL MINAHAN
577,DONOVAN MARSH
578,BRENT DAWES
579,LELI MAKI
580,UZODINMA OKPECHI
581,DANIEL PROCHASKA
582,JOE WRIGHT
583,MATTHEW VAUGHN
584,ADITYA KRIPALANI
585,ADRIANO RUDIMAN
586,DAVID PABLOS
587,ALEXANDRE AJA
588,CAI CONG
589,SAMUEL OLATUNJI
590,RAMON TÉRMENS
591,SVETLANA CVETKO
592,MARTIN PRAKKAT
593,BARAN BO ODAR
594,ZHANG CHONG
595,YILMAZ ERDOĞAN
596,SHANTRELLE P. LEWIS
597,IVAN AYR
598,ANTHONY MANDLER
599,VIJAY ROCHE
600,STANLEY MENINO D'COSTA
601,JENNIFER BREA
602,JULIA VON HEINZ
603,NIELS ARDEN OPLEV
604,DON ARGOTT
605,SHEENA M. JOYCE
606,JOSHUA ZEMAN
607,DUNCAN SKILES
608,SEAN MCNAMARA
609,VONDIE CURTIS-HALL
610,ROBERT RADLER
611,ROEL REINÉ
612,DEAN PARISOT
613,PAUL GREENGRASS
614,JUSTIN KELLY
615,ERIC DARNELL
616,TOM MCGRATH
617,CONRAD VERNON
618,SUHAS KADAV
619,JEFF WADLOW
620,CHARLES MARTIN
621,STELLA CORRADI
622,ROLAND EMMERICH
623,KEVIN MACDONALD
624,ANN DEBORAH FISHMAN
625,CHRIS GORAK
626,PETER JACKSON
627,ROGER KUMBLE
628,JONATHAN LYNN
629,COURTNEY HUNT
630,PIERRE GRECO
631,NANCY FLORENCE SAVARD
632,ANDREW DAVIS
633,KEVIN SMITH
634,CHAITANYA TAMHANE
635,ORIOL PAULO
636,MIKE RIANDA
637,JEFF ROWE
638,JOHANNES ROBERTS
639,ROBERT PULCINI
640,SHARI SPRINGER BERMAN
641,PEDRO ANTONIO
642,JOHN WELLS
643,JONATHAN LIEBESMAN
644,MARIA PULERA
645,SANTHOSH VISWANATH
646,SEEMA PAHWA
647,OZAN AÇIKTAN
648,MELTEM BOZOFLU
649,HAKAN ALGÜL
650,SELÇUK AYDEMIR
651,BIRKAN PUSA
652,ÖMER FARUK SORAK
653,ŞENOL SÖNMEZ
654,ALEXIS MORANTE
655,BURAK AKSAK
656,KIVANÇ BARUÖNÜ
657,RINDALA KODEIH
658,KONGKIAT KHOMSIRI
659,BEDRAN GÜZEL
660,MARWAN NABIL
661,MIKIKO
662,DAITO MANABE
663,TAKASHI SHIMIZU
664,JOE PENNA
665,AHISHOR SOLOMON
666,CURTIS GRAHAM
667,GERARDO GATICA
668,AKSHAY SANJEEV CHAVAN
669,SUMIT DAS
670,JOHN MADDEN
671,EDWARD JAMES OLMOS
672,ABHINAY DEO
673,KIRAN RAO
674,ABBAS TYREWALA
675,ASHUTOSH GOWARIKER
676,SATYAJIT BHATKAL
677,ANUSHA RIZVI
678,MAHMOOD FAROOQUI
679,AAMIR KHAN
680,SHASHANK KHAITAN
681,RAJ MEHTA
682,NEERAJ GHAYWAN
683,KAYOZE IRANI
684,RYAN CREGO
685,CASSI SIMONDS
686,GUILLERMO DEL TORO
687,TONY ABULU
688,STEFAN WESTERWELLE
689,RON HOWARD
690,JUSTIN BENSON
691,AARON MOORHEAD
692,NIKI CARO
693,MARK DENNIS
694,BEN FOSTER
695,TARANVEER SINGH
696,TT THE ARTIST
697,KEIICHI SATO
698,YASUSHI KAWAMURA
699,GLENN WEISS
700,MICHAEL CIVILLE
701,RYUICHI HIROKI
702,ONE9
703,LUIS VALDEZ
704,CHENG WEI-HAO
705,PASS PATTHANAKUMJON
706,BUCHI BABU SANA
707,FREDRICK MUNK
708,MOYOUNG JIN
709,CAROLINE SÁ
710,DEEPTI KAKKAR
711,FAHAD MUSTAFA
712,HIKARU TODA
713,CHICO PEREIRA
714,ELAINE MCMILLION SHELDON
715,ZHAO JI
716,JAMIE BABBIT
717,PARK HOON-JUNG
718,DARE OLAITAN
719,BEN FALCONE
720,TRAVON FREE
721,MARTIN DESMOND ROE
722,ANGGA DWIMAS SASONGKO
723,STEVE ROLSTON
724,SHALINI KANTAYYA
725,MADONNE ASHWIN
726,ENAH JOHNSCOTT
727,BRADEN R. DUEMMLER
728,CAL BRUNKER
729,STEVE PINK
730,XIAO FENG
731,RICKY STAUB
732,PATRICK DURHAM
733,PAUL G. VOLK
734,BB SASORE
735,NASEEF YUSUF IZUDDIN
736,APPIE BOUDELLAH
737,ARAM VAN DE REST
738,SYLVIE VERHEYDE
739,NICK MOORE
740,ALEX ZAMM
741,RAJKUMAR HIRANI
742,RAJESH MAPUSKAR
743,LINA AL ABED
744,JAMES WAN
745,DAVID HACKL
746,TAKESHI NOZUE
747,SUBHASH KAPOOR
748,RINGO LAM
749,GEORGE CUKOR
750,TONY GIGLIO
751,SHINJI ARAMAKI
752,MASARU MATSUMOTO
753,JOHN LUESSENHOP
754,HANUNG BRAMANTYO
755,PANDU ADJISURYA
756,BASHIR EL DEEK
757,ROMAN POLAŃSKI
758,NELSON MCCORMICK
759,MIC RODGERS
760,SHAWN RECH
761,PEYTON REED
762,JULIAN SCHNABEL
763,ADRIÁN GARCÍA BOGLIANO
764,JOSE GOMEZ
765,JONATHON LINK
766,BLAIR SIMMONS
767,JUSTIN CHADWICK
768,JOHN HILLCOAT
769,NADINE IBRAHIM
770,ROMAN WHITE
771,FERMÍN MUGURUZA
772,MIKE HODGES
773,EYLEM KAFTAN
774,FERNANDO AYLLÓN
775,UMESH BIST
776,MASSIMILIANO CAMAITI
777,ALEKSEY TSITSILIN
778,ALI TABRIZI
779,KAGISO LEDIGA
780,JUNG-AH IM
781,TAKUMA SATO
782,BRODY CHU
783,DIMITRI LOGOTHETIS
784,TAKETOSHI SADO
785,LI WEIRAN
786,CHINAZA ONUZO
787,ANNA ELIZABETH JAMES
788,VITOR BRANDT
789,TROY MILLER
790,LIAM O'DONNELL
791,MANNY RODRIGUEZ
792,JAY LAVENDER
793,FARAH NABULSI
794,WALTER TAYLAUR
795,CHRIS SMITH
796,ALAIN BRUNARD
797,TATE TAYLOR
798,LADISLAUS KIRALY
799,OLIVER STONE
800,HEMAMBAR JASTI
801,TAYLOR MORDEN
802,HELENA COAN
803,MUHARREM GÜLMEZ
804,DOLAPO ADELEKE
805,MAHSUN KIRMIZIGÜL
806,CAN ULKAY
807,LUIS ALEJANDRO PÉREZ
808,KETCHE
809,EROL ÖZLEVI
810,MIGUEL ARTETA
811,TOLGA ÖRNEK
812,PABLO AGÜERO
813,MOHAMMAD IRFAN RAMLY
814,KEVIN MCMANUS
815,MATTHEW MCMANUS
816,ANGE BASTERGA
817,NICOLAS LOPEZ
818,GITANJALI RAO
819,HALITHA SHAMEEM
820,CARLOS MORENO
821,MARIBEL SÁNCHEZ-MAROTO
822,FAJAR BUSTOMI
823,TAYLOR HACKFORD
824,AMY POEHLER
825,JARED HESS
826,TYLER MEASOM
827,MIKE BINDER
828,ABIR SENGUPTA
829,SUNNY LAU
830,EMMETT MALLOY
831,XAVIER MAINGON
832,MARC-ANTOINE HÉLARD
833,MILTON KREMER
834,KEVIN COSTNER
835,MARCO PETRY
836,ANDREW DUNCAN
837,KEN CUNNINGHAM
838,LIAM LYNCH
839,JÉRÉMIE DEGRUSON
840,BEN STASSEN
841,MATT ROSS
842,DANI DE LA ORDEN
843,PABLO LARRAÍN
844,JOHN ERICK DOWDLE
845,JESSE PERETZ
846,RIBHU DASGUPTA
847,RIZKI BALKI
848,SHUNSUKE KARIYAMA
849,JEFERSON DE
850,BARRY AVRICH
851,DAVID TRYHORN
852,BEN NICHOLAS
853,TIRUMALA KISHORE
854,HUANG HSIN-YAO
855,SARON SAKINA
856,J BLAKESON
857,KHALID RAHMAN
858,LUIS ARA
859,THARUN BHASCKER DHAASSYAM
860,B. V. NANDINI REDDY
861,NAG ASHWIN
862,SANKALP REDDY
863,PRATEEK VATS
864,ALEX MERKIN
865,VIKRAM BHATT
866,DALLAS JENKINS
867,DAMIÁN ROMAY
868,HAMISHA DARYANI AHUJA
869,HONG KHAOU
870,MARIO BRIONGOS
871,VINAY BHARADWAJ
872,MICHAEL FIMOGNARI
873,ERIC D. CABELLO DÍAZ
874,CLARA MARTÍNEZ-LÁZARO
875,MONTY TIWA
876,AVA DUVERNAY
877,ALAIN DARBORG
878,FILIP ZYLBER
879,JULIEN ROYAL
880,BRIAN BAUGH
881,HENRI WONG
882,MAÏA SANDOZ
883,MOSTOFA SARWAR FAROOKI
884,JOSEPH HSU
885,SAM LEVINSON
886,JO SUNG-HEE
887,MICHÈLE OHAYON
888,ROCCO RICCIARDULLI
889,GUO JINGMING
890,JAN BELCL
891,ESTEBAN CRESPO
892,NOÉ GONZÁLEZ
893,SARAH GAVRON
894,MARTIN SCORSESE
895,RICHARD ARELLANO
896,JON FAVREAU
897,MARCO PONTECORVO
898,GREGORY PLOTKIN
899,LLUÍS QUÍLEZ
900,JUDE WENG
901,SIMON STONE
902,NOVIANDRA SANTOSA
903,JEREMY GRANT
904,JEO BABY
905,GLENDYN IVIN
906,OKEY OKU
907,IFEANYI IKPOENYI
908,CHRIS ENENG ENAJI
909,ÁNGELES REINÉ
910,PAUL HAGGIS
911,RAMIN BAHRANI
912,NICOL PAONE
913,NICK ROWLAND
914,RZA
915,COOPER KARL
916,GARY FLEDER
917,J.A. BAYONA
918,DARREN LYNN BOUSMAN
919,LYDIA DEAN PILCHER
920,GINNY MOHLER
921,CRIS D'AMATO
922,MIKAEL HÅFSTRÖM
923,SIMON J. SMITH
924,BYEON HEE-SUN
925,PETER FACINELLI
926,RENUKA SHAHANE
927,ROSS KAUFFMAN
928,SUNG DO-JUN
929,CHARLES GOZALI
930,BAGUS BRAMANTI
931,JAMES TOBACK
932,TILLER RUSSELL
933,FRANCISCO D'EUFEMIA
934,CHRIS ROCK
935,JULIET MAY
936,STANLEY NELSON
937,OLIVIER NAKACHE
938,ÉRIC TOLEDANO
939,PRAKASH JHA
940,ROHAN SIPPY
941,ROSS VENOKUR
942,ROHENA GERA
943,MAITE RUIZ DE AUSTRI
944,JASTIS ARIMBA
945,ERIC SUMMER
946,ÉRIC WARIN
947,KORNÉL MUNDRUCZÓ
948,ALEJANDRO RUAX
949,RAMIRO MARTÍNEZ
950,FLORENT BODIN
951,SOHAIL KHAN
952,HALLVARD BRÆIN
953,JEFF TREMAINE
954,CHRISTIAN ALVART
955,ROBERT TOWNSEND
956,JEFF DEVERETT
957,RON KRAUSS
958,BRIAN ROBBINS
959,JEFF STILSON
960,SEAN PENN
961,MARK MCQUEEN
962,MELANIE MAYRON
963,DONALD PETRIE
964,TONY COLLINGWOOD
965,JENNIFER BEAMISH
966,TOBY TRACKMAN
967,JAUME COLLET-SERRA
968,KIM DONG-KYU
969,SHAZ BENNETT
970,SAMAR SHAIKH
971,ARCHIE HEKAGERY
972,SABRINA ROCHELLE KALANGIE
973,COSIMA SPENDER
974,LIAO SHIH-HAN
975,ARNON MANOR
976,TIMOTHY WARE-HILL
977,GORE VERBINSKI
978,AL CAMPBELL
979,ALICE MATHIAS
980,MAÏWENN
981,RICHARD WESTON
982,VIKRAMADITYA MOTWANE
983,PRIME CRUZ
984,ANDIBACHTIAR YUSUF
985,YANDY LAURENS
986,CATHY GARCIA-MOLINA
987,JOHN MITCHELL
988,JEREMY KIPP WALKER
989,GEORGE CLOONEY
990,LIU KUANG-HUI
991,KRISTIAN MERCADO
992,DAAN JANSEN
993,STIJN VERLINDE
994,JAY GRACE
995,PAUL DUGDALE
996,JAMES HASLAM
997,MUHAMMAD ALI
998,THOMAS TOBY PARKINSON
999,JOHN PUTCH
1000,SAM MACARONI
1001,GEORGE C. WOLFE
1002,YASMIN AHMAD
1003,SUDHA KONGARA
1004,VIGNESH SHIVAN
1005,VETRI MAARAN
1006,JUAN CAMILO PINZON
1007,LIN OEDING
1008,NAYA ANINDITA
1009,ALEXX MEDIA
1010,FARISHAD I. LATJUBA
1011,ANDRUCHA WADDINGTON
1012,PEDRO WADDINGTON
1013,PICKY TALARICO
1014,JUN LANA
1015,BRAD PEYTON
1016,LEE DANIELS
1017,TOM FORD
1018,ELLENA WOOD
1019,JESSE VILE
1020,VIR DAS
1021,MIRANDA DE PENCIER
1022,FARHAD SAFINIA
1023,SHAUN PAUL PICCININO
1024,EDDIE ROSAS
1025,FRANK E. ABNEY III
1026,JAMES D. STERN
1027,FERNANDO VILLENA
1028,RYAN MURPHY
1029,GIRISH MALIK
1030,DEEPA MEHTA
1031,LAI CHUN-YU
1032,THEODORE BOBOROL
1033,SYDNEY SIBILIA
1034,JOSIAH NG
1035,KIRK WISE
1036,BETH SLEVEN
1037,ALLAN JACOBSEN
1038,KEVIN WOTTON
1039,JALIL LESPERT
1040,SU I-HSUAN
1041,CHUANG SHIANG-AN
1042,LIU YI
1043,CLINT BUTLER
1044,ERIK KLING
1045,KEVIN PEATY
1046,DETLEV BUCK
1047,AMANDA RAYMOND
1048,JASON PAUL LAXAMANA
1049,MARC FOUCHARD
1050,DARRAGH O'CONNELL
1051,ROBERTO SANTUCCI
1052,DADO C. LUMIBAO
1053,AUGUST JAKOBSSON
1054,ANNA WIECZUR-BLUSZCZ
1055,DAMIEN O’CONNOR
1056,RICHARD LAXTON
1057,GIL KENAN
1058,PHIL BURGERS
1059,PIERRE MOREL
1060,BRIAN HENSON
1061,DERICK CABRIDO
1062,MARLA M. ANCHETA
1063,JEN MCGOWAN
1064,BERNIE DENK
1065,BRIAN SKIBA
1066,OLIVER BOKELBERG
1067,ÁNGEL GÓMEZ HERNÁNDEZ
1068,LUDOVICO DI MARTINO
1069,LEE CHUNG-HYUN
1070,BARRY GONZALEZ
1071,BRIAN VOLK-WEISS
1072,MATTHEW MICHAEL CARNAHAN
1073,ERIC BRESS
1074,CHRIS COLUMBUS
1075,V VIGNARAJAN
1076,GREG RANKIN
1077,TJ SULLIVAN
1078,CARLOS SORÍN
1079,MATT ESKANDARI
1080,GRANT SINGER
1081,MOHAMMAD ADEL
1082,DEBBIE ALLEN
1083,VICTOR GATONYE
1084,STEPHEN CHIODO
1085,WILL MCCORMACK
1086,MICHAEL GOVIER
1087,MONICA FLOYD
1088,ANURAG KASHYAP
1089,SIDDIQUE
1090,DANISH ASLAM
1091,VIBHU VIRENDER PURI
1092,MIKE ROHL
1093,SHYAM BENEGAL
1094,TAKESHI FUKUNAGA
1095,LESLIE SMALL
1096,JEFF NICHOLS
1097,SABAAH FOLAYAN
1098,DAMON DAVIS
1099,JUSTIN G. DYCK
1100,CODY CAMERON
1101,KRIS PEARN
1102,MICHAEL CURTIZ
1103,AVINASH WALZADE
1104,DAVID E. TALBERT
1105,RENATA TERRA
1106,EDOARDO PONTI
1107,MATEO GIL
1108,PAUL SORIANO
1109,RYAN COOGLER
1110,LUCAS SANTA ANA
1111,CARLA BARROS
1112,ULRIKE KOFLER
1113,STEVEN BOGNAR
1114,JULIA REICHERT
1115,KUNLE AFOLAYAN
1116,WEICA WANG
1117,AITOR ARREGI
1118,JON GARAÑO
1119,JOSE MARI GOENAGA
1120,KEVIN POLLAK
1121,OTOJA ABIT
1122,ALEJANDRO HARTMANN
1123,MAXWELL MCGUIRE
1124,RUEL S. BAYANI
1125,MARTIN WOOD
1126,NARENDRA NATH
1127,JAN-PETER HORNS
1128,TATSUSHI OMORI
1129,ESTELA RENNER
1130,ZEEK EARL
1131,CHRISTOPHER CALDWELL
1132,MICHAEL KAMPA
1133,CHANDA BELL
1134,JENNIFER WESTCOTT
1135,RICHARD GREENBERG
1136,PETER BERG
1137,NICOLAS PESCE
1138,CHRISTOPHER CAIN
1139,JULIANA VICENTE
1140,HARALD ZWART
1141,STACIA CRAWFORD
1142,REMI WEEKES
1143,TOPE OSHIN
1144,TERRIE SAMUNDRA
1145,OLIVIER MARCHAL
1146,SANTIAGO ALVARADO ILARRI
1147,FRASCO MORTIZ
1148,JOHN WHITESELL
1149,ANTONIO DÍAZ
1150,NIMRÓD ANTAL
1151,BARTOSZ M. KOWALSKI
1152,JAMES TOVELL
1153,MATÍAS GUEILBURT
1154,NATASHA LYONNE
1155,CHANG CHIN-JUNG
1156,CHEN RONG-HUI
1157,RAJKUMAR SANTOSHI
1158,LANCE DALY
1159,UNJOO MOON
1160,GIL BARONI
1161,THIERRY DEMAIZIÈRE
1162,ALBAN TEURLAI
1163,GLEN KEANE
1164,CHRIS SIVERTSON
1165,KIEF DAVIDSON
1166,PEDRO KOS
1167,JARAND HERDAL
1168,DAN VILLEGAS
1169,CHRIS FOGGIN
1170,KIM NGUYEN
1171,KAREN MAINE
1172,TIM NEEVES
1173,BEN WHEATLEY
1174,MAROUN BAGHDADI
1175,PHILIPPE ARACTINGI
1176,AMIN DORA
1177,RANA EID
1178,DANIEL JOSEPH
1179,RANDA CHAHAL SABBAG
1180,ZIAD DOUEIRI
1181,SHADY HANNA
1182,JOSEF FARES
1183,SAM FELL
1184,CHRIS BUTLER
1185,ROSS BOYASK
1186,DAVID 'TOSH' GITONGA
1187,MICHAEL JONES
1188,TI WEST
1189,AARON SORKIN
1190,LEVAN GABRIADZE
1191,RACHEL TALALAY
1192,SAM LIU
1193,PETER MIMI
1194,LASJA FAUZIA SUSATYO
1195,PAVITRA CHALAM
1196,AKSHAY SHANKAR
1197,KEVIN KO
1198,PETER TSI
1199,CAROLINE SUH
1200,CARLOS PÉREZ OSORIO
1201,KEN GHOSH
1202,INDRA KUMAR
1203,B. SUBHASH
1204,HARSHAVARDHAN KULKARNI
1205,NEERAJ VORA
1206,PUNEET KHANNA
1207,RADHA BLANK
1208,BIGFLO & OLI
1209,JÉRÉMIE LEVYPON
1210,EDUARDO PINTO
1211,PAVEL KOSTOMAROV
1212,MIKE ELLIOTT
1213,FRANCIS WHATELY
1214,JON IZEN
1215,CHRISTOPHER NOLEN
1216,ALASTAIR FOTHERGILL
1217,JONNIE HUGHES
1218,KEITH SCHOLEY
1219,AMY SEGAL
1220,UMUT ARAL
1221,UMUT KIRCA
1222,SUDHIR MISHRA
1223,DOMENICO DE FEUDIS
1224,OZ RODRIGUEZ
1225,SALVADOR ESPINOSA
1226,ADRIAN TEH
1227,BRAD SILBERLING
1228,ELSA FLORES ALMARAZ
1229,RICHARD J MONTOYA
1230,CAREY MCKENZIE
1231,ADAM BOLT
1232,TAIKA WAITITI
1233,LINDSEY CORDERO
1234,ARMANDO CRODA
1235,DAVID LACHAPELLE
1236,MOSTAFA ABU SEIF
1237,FARIS GODUS
1238,ROD LURIE
1239,STACIE PASSON
1240,JENNY POPPLEWELL
1241,FLORIAN SCHOTT
1242,TOM WHITWORTH
1243,JOE MANTELLO
1244,LEE HIRSCH
1245,PAGE HURWITZ
1246,DALLAS JACKSON
1247,RAJAT KAPOOR
1248,IMTIAZ ALI
1249,NAVDEEP SINGH
1250,ANEES BAZMEE
1251,RIKHIL BAHADUR
1252,SHAWN LEVY
1253,HARRY BRADBEER
1254,JOSHUA TICKELL
1255,REBECCA HARRELL TICKELL
1256,SOPHIA NAHLI ALLISON
1257,NORIHISA HIRANUMA
1258,SHIGEAKI KUBO
1259,TSUYOSHI NAKAKUKI
1260,YUDAI YAMAGUCHI
1261,MARWAN HAMED
1262,SMEEP KANG
1263,RAJA CHANDA
1264,TIGMANSHU DHULIA
1265,AKASHDEEP
1266,RAJESH GANGULY
1267,ALANKRITA SHRIVASTAVA
1268,CHANDRA LIOW
1269,SEKHAR KAMMULA
1270,GARY ANDREWS
1271,MERAWI GERIMA
1272,KUBHAER T. JETHWANI
1273,ANTONIO CAMPOS
1274,CARLES TORRAS
1275,JAMES WATKINS
1276,PHILIPPA LOWTHORPE
1277,PAILIN WEDEL
1278,CHRIS HOWE
1279,PETER SOLLETT
1280,STEVE BENCICH
1281,TOSIN COKER
1282,JAVIER COLINAS
1283,DEAN DEBLOIS
1284,REINHARD KLOOSS
1285,SHAUN MIR
1286,SATISH RAJWADE
1287,ABHIJEET DESHPANDE
1288,MAHESH MANJREKAR
1289,PRAKASH KUNTE
1290,MANISH SAINI
1291,KENNY ORTEGA
1292,MAKARAND MANE
1293,VIJAY MAURYA
1294,SAMEER PATIL
1295,KENZO MAIHARA
1296,AMANDHA WYANTO
1297,AHMED NADER GALAL
1298,ARATI KADAV
1299,MAÏMOUNA DOUCOURÉ
1300,PEPE MORA
1301,MARCOS CARNEVALE
1302,JEFF ORLOWSKI
1303,CHO IL
1304,PIPPA EHRLICH
1305,JAMES REED
1306,TOLGA KARAÇELIK
1307,DAVIS GUGGENHEIM
1308,PHILIP BARANTINI
1309,CHARLIE KAUFMAN
1310,ABBA T. MAKAMA
1311,JUNIOR CARELLI
1312,RUDGE CAMPOS
1313,ERTANTO ROBBY SOEDISKAM
1314,MARK STEVEN JOHNSON
1315,FELIX BINDER
1316,THOR FREUDENTHAL
1317,NGUYEN THANH TUNG
1318,BALTASAR KORMÁKUR
1319,CONRAD HELTEN
1320,AYUMU WATANABE
1321,HITOSHI NAMBA
1322,CHRIS MILLER
1323,SEAN ANDERS
1324,ABBAS MUSTAN
1325,DUNCAN MCMATH
1326,DAN FORGIONE
1327,PETE JACOBS
1328,MATT WHITLOCK
1329,FRANCESCO CARNESECCHI
1330,GREG TIERNAN
1331,MARK THORNTON
1332,TODD KAUFFMAN
1333,SHAMZU ZAYBA
1334,JESSE V. JOHNSON
1335,BRETT HALEY
1336,CHRIS ROLAND
1337,MARADONA DIAS DOS SANTOS
1338,DAVID GALÁN GALINDO
1339,DAVID MORETON
1340,LESTER HSI
1341,CYRUS NOWRASTEH
1342,ISABEL SANDOVAL
1343,NATHAN WILEY
1344,WAYNE BLAIR
1345,ATUL SABHARWAL
1346,BERNARDO ARELLANO
1347,TRISH SIE
1348,HONG WON-KI
1349,KHALED MAREI
1350,FRED WOLF
1351,NIYI AKINMOLAYAN
1352,SAMMARIA SARI SIMANJUNTAK
1353,CHAIRUN NISSA
1354,TOM HOOPER
1355,SERGEI BODROV
1356,ANNA STONE
1357,CORY EDWARDS
1358,FARADAY OKORO
1359,HENRY JOOST
1360,ARIEL SCHULMAN
1361,REBECCA ZLOTOWSKI
1362,SHARAN SHARMA
1363,TYLER SPINDEL
1364,VICKY WIGHT
1365,MARC MEYERS
1366,FRANZISKA MEYER PRICE
1367,STEVEN RINELLA
1368,LAURA TERRUSO
1369,MARTÍN SASTRE
1370,FRANCK NATAF
1371,PASCAL AMANFO
1372,SAVAGE STEVE HOLLAND
1373,MIKE DOYLE
1374,DARREN GRANT
1375,JOSEPH RUBEN
1376,MFANELO NGOMA
1377,COLIN MINIHAN
1378,REGINA WELKER
1379,NINA WELS
1380,HONEY TREHAN
1381,KATLEHO RAMAPHAKELA
1382,RETHABILE RAMAPHAKELA
1383,ARIEL BOLES
1384,ÁLVARO DELGADO-APARICIO L.
1385,VENKATESH MAHA
1386,NOPPAROJ CHOTMUNKONGSIT
1387,ANIEDI ANWAH
1388,MICKEY FONSECA
1389,MATIAS MARIANI
1390,JAN KOMASA
1391,SUE KIM
1392,PAUL SOLET
1393,BEN KASULKE
1394,GAGAN PURI
1395,TEDDY CHAN
1396,BHAVIN WADIA
1397,TONY BANCROFT
1398,SCOTT CHRISTIAN SAVA
1399,TOPE ALAKE
1400,FERNANDO GONZÁLEZ MOLINA
1401,YUKI TANADA
1402,ALEX GIBNEY
1403,AHN BYOUNG-WOOK
1404,SIBUSISO KHUZWAYO
1405,LISA CORTÉS
1406,FARAH X
1407,WILSON YIP
1408,DAVE SKINNER
1409,FREDDIE WATERS
1410,DENIS DO
1411,LESLYE DAVIS
1412,CATRIN EINHORN
1413,TOKA MCBAROR
1414,TUNDE APALOWO
1415,PETER SULLIVAN
1416,AXELLE LAFFONT
1417,DANIEL ORIAHI
1418,STEFANO MORDINI
1419,HAYDEN GUPPY
1420,STÉPHANE DE FREITAS
1421,ANDRÉ ODENDAAL
1422,JOHAN VORSTER
1423,CASSIA DIAN
1424,AMRO SALAH
1425,SUE DING
1426,GINA PRINCE-BYTHEWOOD
1427,WOUTER BOUVIJN
1428,BRYN EVANS
1429,CRISTINA COSTANTINI
1430,KAREEM TABSCH
1431,HANNAH FIDELL
1432,CHRIS RENAUD
1433,KYLE BALDA
1434,SCOTT ZABIELSKI
1435,COODIE
1436,CHIKE
1437,QLF
1438,SACHIN KUNDALKAR
1439,PURI JAGANNADH
1440,VISHAL MAHADKAR
1441,KARAN JOHAR
1442,ZOYA AKHTAR
1443,ANTHONY D'SOUZA
1444,SOUMENDRA PADHI
1445,FUWAD KHAN
1446,NISHIKANT KAMAT
1447,KRISH
1448,KABIR SADANAND
1449,RACHIT KUSONKOONSIRI
1450,SHOOJIT SIRCAR
1451,OMUNG KUMAR
1452,UMESH SHUKLA
1453,DEVIKA BHAGAT
1454,TAKASHI DOSCHER
1455,SHUBHAM SINGH
1456,ABBAS ALIBHAI BURMAWALLA
1457,MASTAN ALIBHAI BURMAWALLA
1458,LUV RANJAN
1459,VIKAS BAHL
1460,NEERAJ PANDEY
1461,AANAND RAI
1462,GURMMEET SINGH
1463,LP
1464,RAKO PRIJANTO
1465,RAOUL PECK
1466,SHIRLEY FRIMPONG-MANSO
1467,FABIO OCK
1468,JOANA MAZZUCCHELLI
1469,SABINA FEDELI
1470,ANNA MIGOTTO
1471,KYRAN KELLY
1472,SALVADOR CALVO
1473,CEM YILMAZ
1474,BRUCE BERESFORD
1475,MICHAEL DUGGAN
1476,ALMUDENA CARRACEDO
1477,ROBERT BAHAR
1478,PAUL VERHOEVEN
1479,YOUNUTS!
1480,OBI EMELONYE
1481,DANIEL EFFIONG
1482,ABHIJIT PANSE
1483,RACHEL GRIFFITHS
1484,DAVID DOBKIN
1485,OLUSEYI ASURF
1486,EDUARDO ROY JR.
1487,RAVIKANTH PEREPU
1488,SOORAJ R. BARJATYA
1489,BONNI COHEN
1490,JON SHENK
1491,ANVITA DUTT
1492,GASPAR ANTILLO
1493,ERIC NOTARNICOLA
1494,MUSTHAFA
1495,ISHAYA BAKO
1496,KATE MULLEAVY
1497,LAURA MULLEAVY
1498,AKHIGBE ILOZOBHIE
1499,APURVA DHAR BADGAIYANN
1500,ELISSA DOWN
1501,GUILLAUME PIERRET
1502,OLIVIER ASSAYAS
1503,JUNICHI SATO
1504,TOMOTAKA SHIBAYAMA
1505,PABLO AULITA
1506,MANATSANUN PHANLERDWONGSAKUL
1507,GEORGES HACHEM
1508,PETER LEPENIOTIS
1509,JIM HOSKING
1510,PACO AGUILAR
1511,GREG MCLEAN
1512,JUAN JOSÉ CAMPANELLA
1513,A. RAAJDHEEP
1514,PIDI BAIQ
1515,NICHOLAS KHARKONGOR
1516,MICHAEL MCKAY
1517,KITARO KOSAKA
1518,ALI F. MOSTAFA
1519,AYMAN MAKRAM
1520,GEORGE GALLO
1521,RY RUSSO-YOUNG
1522,BARBARA BIAŁOWĄS
1523,TOMASZ MANDES
1524,AKHIL PAUL
1525,ANAS KHAN
1526,KANIKA BATRA
1527,MICHAEL CRISTOFER
1528,MOHAMED KHAN
1529,ADRIANA TRIGIANI
1530,PHIL SGRICCIA
1531,ANDAÇ HAZNEDAROĞLU
1532,MURAT KEPEZ
1533,GRETA GERWIG
1534,SAM REGA
1535,WAEL EHSAN
1536,INAS EL-DEGHEIDY
1537,AHMED AL-BADRY
1538,SAMEH ABDULAZIZ
1539,WAEL IHSAN
1540,IZIDORE K. MUSALLAM
1541,SHERIF ARAFA
1542,YASIR AL YASIRI
1543,SAFDAR RAHMAN
1544,TOMAS BRICKHILL
1545,HANI AL-SHAIBANI
1546,MAMORU HOSODA
1547,JAMES FRANCO
1548,NIALL JOHNSON
1549,MICHAEL DAMIAN
1550,AHMED ZAIN
1551,ANGSHUMAN GHOSH
1552,AHMED ZEIN
1553,ALEJANDRO MONTIEL
1554,FERNANDO FRÍAS DE LA PARRA
1555,MADELEINE PARRY
1556,YU YANG
1557,JESSE WARN
1558,JOSH SAFDIE
1559,BENNY SAFDIE
1560,HIROMASA YONEBAYASHI
1561,YOSHIYUKI MOMOSE
1562,AKIHIKO YAMASHITA
1563,MICHAEL SHOWALTER
1564,NORM HISCOCK
1565,GARY HOWSAM
1566,MIKE SMITH
1567,JOHN PAUL TREMBLAY
1568,ROBB WELLS
1569,ALMUNSIF ALSUWAISI
1570,FOUAD AL SHATTI
1571,FOUAD EL-MOHANDES
1572,ANDRÉS FEDDERSEN
1573,SAMIR AL ASFORY
1574,HUSSEIN KAMAL
1575,HASSAN ABDULSALAM
1576,HOUSSAM EL-DIN MUSTAFA
1577,MUHAMMAD FADL
1578,HANY MOTAWIE
1579,LONZO NZEKWE
1580,ALEX TIMBERS
1581,SAM WRENCH
1582,REBECCA JOHNSON
1583,CARLOS MORETT
1584,MEGHA RAMASWAMY
1585,SAEED HAMED
1586,ALI RAGAB
1587,AHMAD EL-BADRI
1588,MARCUS RABOY
1589,HAIFAA AL-MANSOUR
1590,MOHAMMED ALHMLY
1591,LUCIEN BOURJEILY
1592,LAURA MAÑÁ
1593,SIVAROJ KONGSAKUL
1594,SALMEEN ALMURRY AMER
1595,MOHIT SURI
1596,OBAID ALHMOUDI
1597,ADEKUNLE NODASH ADEJUYIGBE
1598,SADEQ BEHBEHANI
1599,DYLAN MOHAN GRAY
1600,HUSSEIN EL ANSARY
1601,CLAIRE SCANLON
1602,VIPUL AMRUTLAL SHAH
1603,DONICK CARY
1604,WILL FORBES
1605,FRANCESCO AMATO
1606,DAMIEN CHAZELLE
1607,HOUDA BENYAMINA
1608,LAÏLA MARRAKCHI
1609,ALAN POUL
1610,S.A. ZAIDI
1611,HAMAD ALSARRAF
1612,HE XIAOFENG
1613,NADIA HALLGREN
1614,PEDRO FLORES MALDONADO
1615,JOE DEMAIO
1616,AARON WOODLEY
1617,LUCAS MARGUTTI
1618,ASHOK NANDA
1619,HERNÁN GUERSCHUNY
1620,ALEX RANARIVELO
1621,SETH BARRISH
1622,BRETT HEDLUND
1623,JOE ROBERT COLE
1624,MICHELLE ESRICK
1625,OLIVIER ABBOU
1626,JEFFREY SCHWARZ
1627,CRAIG FREIMOND
1628,SHIRISH KUNDER
1629,MYSSKIN
1630,ALICE WU
1631,JOEY SO
1632,DENNIE GORDON
1633,MICHAEL M. SCOTT
1634,SION SONO
1635,DAVID CHUANG
1636,CHEN KUAN-CHUNG
1637,CHRIS BOLAN
1638,OMONI OBOLI
1639,SARAVANA RAJAN
1640,SIRRI SÜREYYA ÖNDER
1641,SERMIYAN MIDYAT
1642,AHMED YOUSRY
1643,HAZEM FOUDA
1644,HANDAN İPEKÇI
1645,FERZAN ÖZPETEK
1646,ASHRAF FAYEQ
1647,PAUL MUNGER
1648,MATEI DIMA
1649,JONATHAN AUGUSTIN
1650,VENKY KUDUMULA
1651,AMR ARAFA
1652,MICHEL HAZANAVICIUS
1653,AHMED SALEH
1654,AHMED MEDHAT
1655,MOHAMED YASSIN
1656,CHAKRI TOLETI
1657,NEVILLE SHAH
1658,UPI AVIANTO
1659,YOON SUNG-HYUN
1660,RACHEL MASON
1661,PATRYK VEGA
1662,MARC VIGIL
1663,RYAN POLITO
1664,ANOOP SATHYAN
1665,MÜFIT CAN SAÇINTI
1666,CÜNEYT KAYA
1667,GREG BARKER
1668,LETICIA JORGE ROMERO
1669,ADRIEN LAGIER
1670,OUSMANE LY
1671,ETHAN COEN
1672,JOEL COEN
1673,JON M. CHU
1674,DIEGO PIGNATARO
1675,IAN EDELMAN
1676,ALI YORGANCIOĞLU
1677,DIGO RICIO
1678,EMCY JOSEPH
1679,KRANTHI MADHAV
1680,MATT D'ELIA
1681,JEFF CHAN
1682,DEAN CRAIG
1683,GRAND CORPS MALADE
1684,MEHDI IDIR
1685,JAY KARAS
1686,STEFANO LODOVICHI
1687,ALAN YANG
1688,PERCI INTALAN
1689,M. NIGHT SHYAMALAN
1690,CHRIS ROBINSON
1691,EDDIE MENSORE
1692,SEAN BAKER
1693,PADRAIG REYNOLDS
1694,YORGOS LANTHIMOS
1695,MICHAEL DOWSE
1696,PABLO LEJARRETA
1697,ARMANDO IANNUCCI
1698,AKIRA SAITOH
1699,HARUKA FUJITA
1700,MUKUL ANAND
1701,KARAN MALHOTRA
1702,DAVID BATRA
1703,JON RUDBERG
1704,TARUN MANSUKHANI
1705,RAMESH TALWAR
1706,MAHESH BHATT
1707,RAJ KHOSLA
1708,PUNIT MALHOTRA
1709,SOHAM SHAH
1710,NIKKHIL ADVANI
1711,SHAKUN BATRA
1712,ANIRBAN MAJUMDER
1713,ALKA AMARKANT DUBEY
1714,PRAKASH MEHRA
1715,ANAND RAVICHANDRAN
1716,RICHARD CLAUS
1717,KARSTEN KIILERICH
1718,FLORIA SIGISMONDI
1719,RENZIL D'SILVA
1720,FRITZ BÖHM
1721,RAVISHANKAR VENKATESWARAN
1722,VIJAY S. BHANUSHALI
1723,DAVID HUNT
1724,STEPHEN S. CAMPANELLI
1725,RAKESH RANJAN KUMAR
1726,SAM IRVIN
1727,GARY STRETCH
1728,DESINGH PERIYASAMY
1729,NEERAJ UDHWANI
1730,PATRICE LALIBERTÉ
1731,ELLEN PAGE
1732,IAN DANIEL
1733,PRENTICE PENNY
1734,ZSOLT PÁLFI
1735,NAWAPOL THAMRONGRATTANARIT
1736,MARLENE MELCHIOR
1737,AARON LIEBER
1738,TAMAS YVAN TOPOLANSZKY
1739,ÀLEX PASTOR
1740,DAVID PASTOR
1741,RAMI HACHACHE
1742,FRANCISCO MACRI
1743,GABRIELA GARCÍA RIVAS
1744,ERIC GOODE
1745,REBECCA CHAIKLIN
1746,FRANCESCO LETTIERI
1747,JOHN SUITS
1748,TAKERU NAKAJIMA
1749,YOSHIYUKI OKADA
1750,SUSAN WALTER
1751,MASAAKI YUASA
1752,PIERRE DESCHAMPS
1753,JEFF TOMSIC
1754,SCOT ARMSTRONG
1755,NAMAN NITIN MUKESH
1756,LYNN NOVICK
1757,NAVJOT GULATI
1758,STEPHANIE ZWANE
1759,OWEN TREVOR
1760,STEPHANIE TURNER
1761,LIZ GARBUS
1762,MEHMET ADA ÖZTEKIN
1763,JOS HUMPHREY
1764,SHARMEEN OBAID-CHINOY
1765,TOYIN ABRAHAM
1766,RUCHI NARAIN
1767,CHRISTOPHE CHARRIER
1768,DANIEL CALPARSORO
1769,TRIVIKRAM SRINIVAS
1770,KITTIPHAK THONGUAM
1771,CRISTI PUIU
1772,SEBASTIAN JONES
1773,RAMEZ SILYAN
1774,CARLOS SEDES
1775,ADAM B. STEIN
1776,ZACH LIPOVSKY
1777,ATHIYAN ATHIRAI
1778,ZUKO NODADA
1779,MADONNA
1780,MILTON HOROWITZ
1781,SNEHA TAURANI
1782,MOMOKO KAMIYA
1783,MATTHEW ROSS
1784,LEE KIRK
1785,ZIGGY HOFMEYR
1786,GUSTAVO RON
1787,YACINE BELHOUSSE
1788,SAM DUNN
1789,KUNIHIKO YUYAMA
1790,MOTONORI SAKAKIBARA
1791,ALI KALTHAMI
1792,MESHAL ALJASER
1793,MOHAMED AL SALMAN
1794,FAISAL AL AMER
1795,TOLU AWOBIYI
1796,OYEFUNKE FAYOYIN
1797,JASON ORLEY
1798,ROBERT EAGAR
1799,TRAVIS STEVENS
1800,MICK GROGAN
1801,NORA FINGSCHEIDT
1802,JEETHU JOSEPH
1803,DEE REES
1804,SOONI TARAPOREVALA
1805,LINDA KORSTEN
1806,TOM BARTON-HUMPHREYS
1807,ANGELINA JOLIE
1808,R.J. DANIEL HANNA
1809,PACO CABEZAS
1810,PETER BILLINGSLEY
1811,JASON ZADA
1812,AVGOUSTA ZOURELIDI
1813,RICHARD PHELAN
1814,WILL BECHER
1815,ROD CABATANA MARMOL
1816,MICHAŁ TYLKA
1817,OLIVER KIENLE
1818,BRIAN WEBBER
1819,TAKASHI YAMAZAKI
1820,RYUICHI YAGI
1821,MAKOTO HANAFUSA
1822,PANTHAM THONGSANG
1823,CHEEWATAN PUSITSUKSA
1824,PAUL KRÜGER
1825,ANÉL STOLP
1826,ANDRES CLARIOND
1827,ANDREW DEAN
1828,LARS KLEVBERG
1829,LUKASZ KOSMICKI
1830,SHANAVAS K. BAVAKUTTY
1831,KWABENA GYANSAH
1832,JEFF BAENA
1833,KUMARAN
1834,JARED MOSHÉ
1835,AUSTIN PECK
1836,ANNELIESE VANDENBERG
1837,JAMES BAMFORD
1838,JULIA WILLOUGHBY NASON
1839,JENNER FURST
1840,NATE ADAMS
1841,ADAM CAROLLA
1842,IVAN SILVESTRINI
1843,ROBERT KRANTZ
1844,GREGORY JACOBS
1845,ALFONSO CORTÉS-CAVANILLAS
1846,XAVIER MANRIQUE
1847,RICHARD GABAI
1848,ALFONS ADETUYI
1849,THOMAS ASTRUC
1850,ERWIN VAN DEN ESHOF
1851,G.J. ECHTERNKAMP
1852,HIKARI
1853,JEAN-CLAUDE FLAMAND-BARNY
1854,LANA WILSON
1855,SHANNON HARTMAN
1856,DAVID OELHOFFEN
1857,RAMESH SIPPY
1858,AJAY BHUYAN
1859,JOSH Z. WEINSTEIN
1860,JOSHUA Z. WEINSTEIN
1861,CHUNG MONG-HONG
1862,JOHNNY BREEDT
1863,CÉSAR RODRIGUES
1864,QUEK SHIO-CHUAN
1865,PABLO STOLL
1866,JUAN PABLO REBELLA
1867,KRYSIA PLONKA
1868,MADHUMITA
1869,DEBAMITRA BISWAL
1870,DAVID LYNCH
1871,TYLER PERRY
1872,CARYN WAECHTER
1873,TIM HILL
1874,NUMA PERRIER
1875,BRIAN HELGELAND
1876,DANNY BOYLE
1877,RIMA DAS
1878,PACO PLAZA
1879,ANDREW GOTH
1880,WILLIAM KAUFMAN
1881,DAVID BENIOFF
1882,D.B. WEISS
1883,STEVE BOETTCHER
1884,MIKHIL MUSALE
1885,TOM GREEN
1886,DAVID LOWERY
1887,MARIA RIPOLL
1888,YIBRÁN ASUAD
1889,EDWIN
1890,VADIM JEAN
1891,MARK A.Z. DIPPÉ
1892,KYUNG HO LEE
1893,EONDEOK HAN
1894,JOHN A. DAVIS
1895,JUSTIN WEBSTER
1896,TETSUO YAJIMA
1897,JOHN LYDE
1898,STEVE RASH
1899,RAVI BABU
1900,SOUMITRA RANADE
1901,JON ROSENBAUM
1902,BRUCE LEDDY
1903,YUKI YAMATO
1904,ANDREW WESSELS
1905,EMIR KUSTURICA
1906,ODUNLADE ADEKOLA
1907,ELISA FUKSAS
1908,LEE TOLAND KRIEGER
1909,AKIYUKI SHINBO
1910,NOBUYUKI TAKEUCHI
1911,RON OLIVER
1912,SHOJIRO NISHIMI
1913,GUILLAUME RENARD
1914,PEPE BOJÓRQUEZ
1915,RHYS THOMAS
1916,DAVID M. ROSENTHAL
1917,LOUISE ALSTON
1918,SUNKANMI ADEBAYO
1919,FALZ
1920,FRANK RAJAH ARASE
1921,FERNANDO MEIRELLES
1922,RODRIGO REYES
1923,MARK LEWIS
1924,SEBASTIAN DINATALE
1925,NUHASH HUMAYUN
1926,SYED AHMED SHAWKI
1927,RAHAT RAHMAN
1928,ROBIUL ALAM ROBI
1929,GOLAM KIBRIA FAROOKI
1930,MIR MUKARRAM HOSSAIN
1931,TANVIR AHSAN
1932,MAHMUDUL ISLAM
1933,ABDULLAH AL NOOR
1934,KRISHNENDU CHATTOPADHYAY
1935,SYED SALEH AHMED SOBHAN
1936,KARAN ANSHUMAN
1937,FARHAN AKHTAR
1938,MRIGHDEEP SINGH LAMBA
1939,TSUTOMU MIZUSHIMA
1940,REEMA KAGTI
1941,JADESOLA OSIBERU
1942,VIJAY LALWANI
1943,ABHISHEK KAPOOR
1944,MICHAEL BAY
1945,BIODUN STEPHEN
1946,DING-LIN WANG
1947,RICHARD VAN'T RIET
1948,SHONALI BOSE
1949,LANCE BANGS
1950,ROBBIE COUNTRYMAN
1951,TREY EDWARD SHULTS
1952,SUJEETH
1953,ALEXANDRE AVANCINI
1954,NOAH BAUMBACH
1955,ATSUKO ISHIZUKA
1956,ERIC AGHIMIEN
1957,MICHEL TIKHOMIROFF
1958,ROBERT KENNER
1959,TAKI OLDHAM
1960,JOHN SCHULTZ
1961,LINDA MENDOZA
1962,MICHELLE JOHNSTON
1963,VIJAY KUMAR ARORA
1964,MATT SHAKMAN
1965,MIKHAIL RED
1966,PANKAJ BATRA
1967,SERGE OU
1968,NAVANIAT SINGH
1969,GAURAV BAVDANKAR
1970,JAGDEEP SIDHU
1971,TANAWAT AIEMJINDA
1972,MUKESH VOHRA
1973,SYRINE BOULANOUAR
1974,NEKFEU
1975,TUDOR GIURGIU
1976,IGNACIO JAUNSOLO
1977,ABHISHEK SHARMA
1978,MATI DIOP
1979,JÉRÉMY CLAPIN
1980,MANDLA DUBE
1981,MIKE EZURUONYE
1982,CHETA CHUKWU
1983,ROGER RUSSELL
1984,EDWARD ZWICK
1985,BASAVA SHANKAR EEDAY
1986,ELLE-MÁIJÁ TAILFEATHERS
1987,KATHLEEN HEPBURN
1988,SANJIV JAISWAL
1989,MARTA JAENES
1990,ROSA MÁRQUEZ
1991,JULIEN ABRAHAM
1992,MONIKA MITCHELL
1993,EVA ORNER
1994,KVR MAHENDRA
1995,JUAN CARLOS RULFO
1996,RAJ R
1997,STEVE PALEY
1998,TIMO VUORENSOLA
1999,ROBB DIPPLE
2000,ELI ROTH
2001,WASH WESTMORELAND
2002,ALESSANDRO ANGULO
2003,MAURO SCANDOLARI
2004,ARJUN JANDYALA
2005,SHASHANKA GHOSH
2006,SAMIT BASU
2007,NAOKO YAMADA
2008,SERGIO PABLOS
2009,VALLI BINDANA
2010,MAKOTO SHINKAI
2011,GAUTIER & LEDUC
2012,CHRISTOPHER STORER
2013,JOSH ARONSON
2014,LUKE SNELLIN
2015,XAVIER DURRINGER
2016,PAWAN KUMAR
2017,PHILLIP YOUMANS
2018,ZHANG YIMOU
2019,NEAL BRENNAN
2020,AZAZEL JACOBS
2021,JUNG JI-WOO
2022,MATT D'AVELLA
2023,PARTHIBAN
2024,SCOTT MCABOY
2025,RAYMIE MUZQUIZ
2026,STU LIVINGSTON
2027,JOE MENENDEZ
2028,ERIC BROSS
2029,WILL EISENBERG
2030,MARINA SERESESKY
2031,KENNY LEON
2032,HARVEY LOWRY
2033,JAMES DEARDEN
2034,DREA COOPER
2035,ZACKARY CANEPARI
2036,MICHAEL A. NICKLES
2037,BLAYNE WEAVER
2038,DAVID MICHÔD
2039,MARCO BONFANTI
2040,EVERARDO GONZÁLEZ
2041,RODRIGO GUARDIOLA
2042,GABRIEL CRUZ RIVAS
2043,JUANI LIBONATTI
2044,DJ CHEN
2045,PARK JOON-HWA
2046,SARAVANA RAJENDRAN
2047,MATT KAY
2048,CRAIG BREWER
2049,BILLY LYONS
2050,MICHAEL STEED
2051,ZAK HILDITCH
2052,MICHAEL STEINER
2053,ANDREW SLATER
2054,GLEN GOEI
2055,GAVIN YAP
2056,HUW CORDEY
2057,YUEN WOO-PING
2058,GILLIAN ROBESPIERRE
2059,THOMAS VINTERBERG
2060,CIARÁN FOY
2061,DANIEL SÁNCHEZ ARÉVALO
2062,DON OMOPE
2063,ED PERKINS
2064,STEVEN SODERBERGH
2065,UDAI SINGH PAWAR
2066,GUNTUR SOEHARJANTO
2067,BASSAM TARIQ
2068,LESLIE IWERKS
2069,LOUIE PSIHOYOS
2070,AHMET KATIKSIZ
2071,JEAN-FRANÇOIS BLAIS
2072,LEÏLA SY
2073,KERY JAMES
2074,VINCE GILLIGAN
2075,BOLANLE AUSTEN-PETERS
2076,DENNIS ROVIRA VAN BOEKHOLT
2077,NAOTO AMAZUTSUMI
2078,JENNY GAGE
2079,KAILA YORK
2080,VANDANA KATARIA
2081,ONUR BILGETAY
2082,VINCENZO NATALI
2083,TUGÇE SOYSOP
2084,JACOB JOICE
2085,LUIS JAVIER HENAINE
2086,ANAND KAMALAKAR
2087,LEE YOON-JUNG
2088,ROY POORTMANS
2089,VRINDA SAMARTHA
2090,NICHOLAUS GOOSSEN
2091,STIG BERGQVIST
2092,PAUL DEMEYER
2093,IGOR KOVALYOV
2094,NORTON VIRGIEN
2095,DANNY CANNON
2096,MANA YASUDA
2097,GUPSE ÖZAY
2098,JIM MICKLE
2099,JUMPEI MIZUSAKI
2100,KOJI MORIMOTO
2101,MICHAEL ARIAS
2102,ARTHELL ISOM
2103,HENRY THURLOW
2104,TAKANOBU MIZUNO
2105,ELSA NAKAMICHI
2106,HAJIME SASAKI
2107,SHINJI TAKAGI
2108,MANGESH HADAWALE
2109,WONG KAR WAI
2110,OTILIA PORTILLO PADUA
2111,MICHAEL J. BASSETT
2112,RAHUL RAVINDRAN
2113,ARCHIE BORDERS
2114,DEEPTI NAVAL
2115,SCOTT AUKERMAN
2116,MARIANO BARROSO
2117,KIKO CRUZ CLAVEROL
2118,PATRICIA FONT
2119,SANDEEP REDDY VANGA
2120,RANDALL LOBB
2121,ALEX STAPLETON
2122,TENG HUATAO
2123,NZINGHA STEWART
2124,ORLANDO VON EINSIEDEL
2125,ANUBHAV SINHA
2126,MAHA VENKATESH
2127,THARUN BHASCKER
2128,FARHAN ALAM
2129,A. L. VIJAY
2130,PETRA COSTA
2131,HAYATO DATE
2132,LEA GLOB
2133,RÉMY FOUR
2134,JULIEN WAR
2135,ALEJANDRO FERNÁNDEZ ALMENDRAS
2136,JOTA LINARES
2137,WAGNER DE ASSIS
2138,WHITE TRASH TYLER
2139,STAN LATHAN
2140,YEUNG YAT-TAK
2141,RAI YUVRAJ BAINS
2142,SUNIL THAKUR
2143,MUH CHEN
2144,SAURABH SINHA
2145,ASHWIN SARAVANAN
2146,JULIA KNOWLES
2147,TARSEM SINGH
2148,KEPA SOJO
2149,CHO LI
2150,CHEN HUNG-YI
2151,LIU BANG-YAO
2152,LIN GUAN-FU
2153,SHEN CHI
2154,YC TOM LEE
2155,MANU ASHOKAN
2156,ANITA UDEEP
2157,VLAD YUDIN
2158,ALBERTO ARNAUT ESTRADA
2159,ROBERT MORESCO
2160,AADISH KELUSKAR
2161,JOE MURRAY
2162,COSMO SEGURSON
2163,JESSE MOSS
2164,SHIN WON-HO
2165,SUJOY GHOSH
2166,JOHN ASHER
2167,ALEX BURUNOVA
2168,JESÚS TORRES TORRES
2169,CAMILLE SHOOSHANI
2170,VIJAY KUMAR
2171,PHANINDRA NARSETTI
2172,GIDEON RAFF
2173,JORGE M. FONTANA
2174,OLIVIER AFONSO
2175,KARIM AMER
2176,JEHANE NOUJAIM
2177,JAY CHAPMAN
2178,DEMETRI MARTIN
2179,DANTE LAM
2180,CHI KEUNG FUNG
2181,COREY YUEN
2182,PATRICK LEUNG
2183,TO-HOI KONG
2184,FRANK ARIZA
2185,JERRY SEINFELD
2186,ADITYA SARPOTDAR
2187,NISHEETA KENI
2188,DANIEL GRAY LONGINO
2189,GERARDO OLIVARES
2190,WI DING HO
2191,JOE LYNCH
2192,ANDREAS PICHLER
2193,DANIEL ARASANZ
2194,SPIKE JONZE
2195,MARCELO ALTMARK
2196,MARIANO MUCCI
2197,LUIS A. SCALELLA
2198,HERNÁN ZIN
2199,SITTISIRI MONGKOLSIRI
2200,ROBBIE GREWAL
2201,THIAGARAJAN KUMARARAJA
2202,KATE HORNE
2203,ROBERTO GIRAULT FACHA
2204,SVATI CHAKRAVARTY BHATKAL
2205,KEVIN BRAY
2206,JESSE JOHNSON
2207,MIGUEL COHAN
2208,LUIS ALBERTO RESTREPO
2209,ANDRÉS BELTRÁN
2210,JAIME RAYO
2211,HIDEAKI ANNO
2212,KAZUYA TSURUMAKI
2213,ABHIJIT KOKATE
2214,SRIVINAY SALIAN
2215,ANTONIN BAUDRY
2216,JON WATTS
2217,JAKOB LASS
2218,JOHN HAPTAS
2219,KRISTINE SAMUELSON
2220,SANJAY JADHAV
2221,VINOD KAPRI
2222,ELÍAS LEÓN
2223,KYLE NEWACHECK
2224,MARK RITCHIE
2225,ROCKY SORAYA
2226,FEDERICO VEIROJ
2227,ISABEL COIXET
2228,GRANT SPUTORE
2229,JUAN ANTIN
2230,HANNO OLDERDISSEN
2231,AMAR KAUSHIK
2232,EVA TROBISCH
2233,MATHIEU AUVRAY
2234,LIMBERT FABIAN
2235,BRANDON OLDENBURG
2236,DATTA MOHAN BHANDARE
2237,SANJIB DEY
2238,DANIEL YEE HENG CHAN
2239,RAKEYSH OMPRAKASH MEHRA
2240,HAN HAN
2241,JANG JAE-HYUN
2242,SUDABEH MORTEZAI
2243,RICHARD SHEPARD
2244,MIKE DIVA
2245,AKIVA SCHAFFER
2246,TRISHA ZIFF
2247,DIEGO ENRIQUE OSORNO
2248,PEDRING A. LOPEZ
2249,SAM CULLMAN
2250,FRANCESCO IMPERATO
2251,STEFON BRISTOL
2252,KATE MELVILLE
2253,ADITYA VIKRAM SENGUPTA
2254,MANDIE FLETCHER
2255,AIJAZ KHAN
2256,GONZALO LÓPEZ-GALLEGO
2257,ABBY EPSTEIN
2258,HEPI MITA
2259,CHE SANDOVAL
2260,JEAN-BERNARD MARLIN
2261,YEE TUNG-SHING
2262,YEN CHENG-KUO
2263,ALEX PARKINSON
2264,RICHARD DA COSTA
2265,FRANT GWO
2266,HAO WU
2267,FELIPE CANO
2268,GABRIELA TAGLIAVINI
2269,LEE JEONG-BEOM
2270,WILLIAM BINDLEY
2271,MANAV SHAH
2272,MICHAEL EPSTEIN
2273,RACHEL LEARS
2274,SYAMSUL YUSOF
2275,MANGESH KANTHALE
2276,HERMAN YAU
2277,DAR GAI
2278,SATHYAN ANTHIKAD
2279,BRIAN OAKES
2280,BILLE AUGUST
2281,FAB FIVE FREDDIE
2282,SANDRA RESTREPO
2283,SARTHAK DASGUPTA
2284,JENNIFER KAYTIN ROBINSON
2285,RENATO DE MARIA
2286,ALAN RICKMAN
2287,ULISES VALENCIA
2288,BEYONCÉ KNOWLES-CARTER
2289,RICHARD CURTIS
2290,SUPARN VERMA
2291,ANANT BALANI
2292,SOUKARYA GHOSAL
2293,LEENA YADAV
2294,AMITABHA SINGH
2295,HASAN KARACADAĞ
2296,CHRIS NELSON
2297,LEE KYOUNGMI
2298,YIM PILSUNG
2299,JEON GO-WOON
2300,KIM JONG-KWAN
2301,JOHN R. LEONETTI
2302,JEREMIAH JONES
2303,BRIE LARSON
2304,ANGGY UMBARA
2305,SHELLY CHOPRA DHAR
2306,SHANJEY KUMAR PERUMAL
2307,TIANYU ZHAO
2308,SHAZIA ALI KHAN
2309,ERIK WHITE
2310,OWEN EGERTON
2311,"SAM ""BLITZ"" BAZAWULE"
2312,SWAPNANEEL JAYAKAR
2313,KYZZA TERRAZAS
2314,JOHN LEE HANCOCK
2315,THEO LOVE
2316,AWI SURYADI
2317,RAJ BABU
2318,JAVIER RUIZ CALDERA
2319,CHANON YINGYONG
2320,PHUWANIT PHOLDEE
2321,STUART SENDER
2322,WENN V. DERAMAS
2323,JOYCE BERNAL
2324,MARYO J. DE LOS REYES
2325,KARAN SHIVAJIRAO CHAVAN
2326,VIKRAM TANAJIRAO PATIL
2327,AMY SCHUMER
2328,RICHARD LONCRAINE
2329,PIA SUKANYA
2330,YANN GOZLAN
2331,LUKAS DHONT
2332,MATTHEW MCNEIL
2333,FRANK W CHEN
2334,OLIVIA M. LAMASAN
2335,J.C. CHANDOR
2336,BRIAN KLEIN
2337,IBRAHIM BIN MOHAMED
2338,HASAN ALJABERI
2339,CLARK JOHNSON
2340,EMMANUEL MOURET
2341,CONOR ALLYN
2342,NUEL NAVAL
2343,KEONI WAXMAN
2344,ISAO YUKISADA
2345,A.R. MURUGADOSS
2346,FRITZ OFNER
2347,NOTTAPON BOONPRAKOB
2348,XAVIER GENS
2349,JONATHAN A. ROSENBAUM
2350,FRANCK PHELIZON
2351,PETER HOWITT
2352,CHIWETEL EJIOFOR
2353,RODRIGO SALOMÓN
2354,PIETRO SCAPPINI
2355,MIGUEL ÁNGEL VIVAS
2356,CARLOS VERMUT
2357,SRIDHAR RANGAYAN
2358,MICHAEL BLIEDEN
2359,PAWAN K SHRIVASTAVA
2360,MAR TARGARONA
2361,ARUNA RAJE
2362,ALEX LEHMANN
2363,ELISABETH VOGLER
2364,PARAMBRATA CHATTERJEE
2365,WOO MIN-HO
2366,PAUL MILLER
2367,MICHAEL DEL MONTE
2368,SUSEENTHIRAN
2369,MATT TYRNAUER
2370,PRASANTH VARMA
2371,GANGADHAR SALIMATH
2372,DANIEL J. CLARK
2373,MARCELO GALVÃO
2374,SHANAWAZ NELLIKUNNIL
2375,LARS KAALUND
2376,HARI NATH
2377,TANUJA CHANDRA
2378,JACKIE VAN BEEK
2379,MADELEINE SAMI
2380,SACHIN KAMLAKAR KHOT
2381,DANIEL MONZÓN
2382,RAYKA ZEHTABCHI
2383,TOM STERN
2384,KELLY DUANE DE LA VEGA
2385,JULIO MEDEM
2386,JOHNNY KEVORKIAN
2387,AMSHAN KUMAR
2388,ADAM DAVIS
2389,JERRY KOLBER
2390,TREY NELSON
2391,ERICH STURM
2392,RICK MORALES
2393,MICHAEL D. BLACK
2394,DAN GILROY
2395,MAMAT KHALID
2396,AMARJIT VIRDI
2397,NISHIL SHETH
2398,BYUN HYUK
2399,ZOE BERRIATÚA
2400,ADAM BHALA LOUGH
2401,FAOZAN RIZAL
2402,MANSORE
2403,KUNTZ AGUS
2404,MEISA FELAROZE
2405,JERROLD TAROG
2406,LAURA ALVEA
2407,JOSÉ ORTUÑO
2408,GASTÓN DUPRAT
2409,ANDY CABALLERO
2410,DIEGO CORSINI
2411,SEREN YÜCE
2412,JONATHAN HELPERT
2413,ANDRÉ D'ELIA
2414,SKYE BORGMAN
2415,HASHIM NADEEM KHAN
2416,FEROZ
2417,SYED ATIF ALI
2418,LEE SEUNG-WON
2419,RIK REINHOLDTSEN
2420,GAURAVV K CHAWLA
2421,BENT-JORGEN PERLMUTT
2422,HUGO STUVEN
2423,GREG PRITIKIN
2424,KOBUN SHIZUNO
2425,HIROYUKI SESHITA
2426,KUNAL KOHLI
2427,NOOR IMRAN MITHU
2428,NONZEE NIMIBUTR
2429,ÍSOLD UGGADÓTTIR
2430,LORENA MUNOZ
2431,GENEVIEVE NNAJI
2432,TERRY GILLIAM
2433,TERRY JONES
2434,YANYONG KURUAUNGKOUL
2435,LENIN BHARATHI
2436,RANJIT JEYAKODI
2437,RAM
2438,JOHN FORTENBERRY
2439,CHRIS BOULD
2440,KEVIN BOOTH
2441,DAVID JOHNDROW
2442,PAUL M. GREEN
2443,JULIO FERNÁNDEZ TALAMANTES
2444,WALTER C. MILLER
2445,NORIYUKI ABE
2446,ELLEN BROWN
2447,MATT ASKEM
2448,ROB ZOMBIE
2449,ÁLVARO BRECHNER
2450,RAKESH MEHTA
2451,EDUARDO CHAUVET
2452,GONZALO BENDALA
2453,NOAM MURRO
2454,KHEIRON
2455,SUSANNE BIER
2456,IREK DOBROWOLSKI
2457,GILBERT CHAN
2458,RARECHO
2459,STEVE CHENG
2460,SAM LOH
2461,JASON LAI
2462,SAMIT KAKKAD
2463,TIG NOTARO
2464,PRASOBH VIJAYAN
2465,SRIRAM RAGHAVAN
2466,ELAINE BOGAN
2467,JOHN SANFORD
2468,MICHAEL CUESTA
2469,DAVID CRONENBERG
2470,THOM ZIMNY
2471,JAMES MARSH
2472,SEAN OLSON
2473,SIGRID ANDREA BERNARDO
2474,GUILLERMO DE OLIVEIRA
2475,MANOJ BEEDHA
2476,ALFONSO CUARÓN
2477,JOHN HOFFMAN
2478,NANFU WANG
2479,MARCO RISI
2480,ANNE FLETCHER
2481,MAREK LOSEY
2482,ANDY SERKIS
2483,MAT KING
2484,BERT MARCUS
2485,AHSAN RAHIM
2486,CHEANG POU SOI
2487,ENRIQUE GARCÍA MEZA
2488,KATARINA LAUNING
2489,JOHNNIE TO
2490,LAWRENCE CHENG
2491,PRAKASH BALWANT SAINI
2492,NAM RON
2493,BALJIT SINGH DEO
2494,LEUNG LOK MAN
2495,LUK KIM-CHING
2496,JAZZ BOON
2497,FELIX CHONG
2498,DHANUSH
2499,GARY MAK
2500,LIU JIANG
2501,JOSEDUARDO GIORDANO
2502,SERGIO GOYRI JR.
2503,ALICE ROHRWACHER
2504,NANDITA DAS
2505,ROMAIN GAVRAS
2506,SEBASTIÁN HOFMANN
2507,DENNY LU
2508,MIKE MYHRE
2509,CLAY KAYTIS
2510,FERNANDO COLOMO
2511,ROBERT VINCE
2512,RADITYA DIKA
2513,DAVID PAUL MEYER
2514,DANIEL GOLDHABER
2515,FRED CAVAYÉ
2516,V C ABHILASH
2517,NILA MADHAB PANDA
2518,TIMO TJAHJANTO
2519,NAKUL SINGH SAWHNEY
2520,NISHANTH RAVINDARAN
2521,JATHIN SANKER RAJ
2522,SWAPNA WAGHMARE JOSHI
2523,ERIK MATTI
2524,CHRISTOPHER GUEST
2525,VINCENT KOK
2526,CHRISTIAN ZÜBERT
2527,DAVID MACKENZIE
2528,TEJAS PRABHA VIJAY DEOSKAR
2529,MATHEUS SOUZA
2530,SARA DOSA
2531,BRADLEY WALSH
2532,ORSON WELLES
2533,MORGAN NEVILLE
2534,INDRAJIT NATTOJI
2535,RAJ KUMAR GUPTA
2536,REMO D'SOUZA
2537,ARNAB CHAUDHURI
2538,RANA RANBIR
2539,KOOKIE V. GULATI
2540,VIVEK AGNIHOTRI
2541,HABIB FAISAL
2542,BOBBY ROTH
2543,HALDER GOMES
2544,AMITOJ MANN
2545,B. UNNIKRISHNAN
2546,MADHUR BHANDARKAR
2547,SAJID KHAN
2548,SAJI SURENDRAN
2549,KSSHITIJ CHAUDHARY
2550,SUNDAR C.
2551,GARY BINKOW
2552,NIKHIL ADVANI
2553,NAVINDER PAL SINGH
2554,KUNAL DESHMUKH
2555,R. KANNAN
2556,GAURAV NARAYANAN
2557,KEVIN LAYNE
2558,JENNIFER M. KROOT
2559,AKIN OMOTOSO
2560,DANI DE LA TORRE
2561,TINGE KRISHNAN
2562,ALEKSEY GERMAN
2563,SERGIO BARREJÓN
2564,SANDI TAN
2565,VIJAY YELAKANTI
2566,S.S. RAJAMOULI
2567,JOANNA LOMBARDI
2568,BRUNO ASCENZO
2569,KIM JEE-WOON
2570,RAJESH TOUCHRIVER
2571,DAVID LAM
2572,THIRU
2573,TOM FORREST
2574,ANIK DATTA
2575,SHAAD ALI
2576,GARETH EVANS
2577,PAUL URKIJO ALIJO
2578,JOHANNA DEMETRAKAS
2579,PADRAIC MCKINLEY
2580,RIZAL MANTOVANI
2581,RUSTY CUNDIEFF
2582,DARIN SCOTT
2583,KABIR BHATIA
2584,CHRIS EIGEMAN
2585,OLAF DE FLEUR
2586,TAMARA JENKINS
2587,KAVI RAZ
2588,NICK SIMON
2589,ERIC IDLE
2590,AUBREY POWELL
2591,ANTHONY GIORDANO
2592,WILL YAPP
2593,TERRY HUGHES
2594,IAN MACNAUGHTON
2595,ROGER GRAEF
2596,JAMES ROGAN
2597,ALBERT SHARPE
2598,SIMRANJIT SINGH HUNDAL
2599,N. LINGUSWAMY
2600,DEEP JOSHI
2601,MANJEET MAAN
2602,SHAGUFTA RAFIQUE
2603,TINU PAPPACHAN
2604,AMARPREET G S CHABBRA
2605,PARESH MOKASHI
2606,ROHIT JUGRAJ
2607,ATHARV BALUJA
2608,VISHAL BHARDWAJ
2609,PUNEET SIRA
2610,AZIZ MIRZA
2611,SAMEER SHARMA
2612,CHANDAN ARORA
2613,RAJAN MADHAV
2614,RAAGHAV DAR
2615,ISHI RUDELL
2616,DAVID LEE MILLER
2617,AMIT SAXENA
2618,JAIVI DHANDA
2619,SUMAN GHOSH
2620,KABIR KHAN
2621,AKSHAY AKKINENI
2622,NIDHI SHARMA
2623,VIPIN PARASHAR
2624,VIKRAM PRADHAN
2625,VIJAY
2626,SARTAJ SINGH PANNU
2627,AYAAN MUKHERJI
2628,SIDHARTH MALHOTRA
2629,SAKET BEHL
2630,ANJUM SHAHZAD
2631,KEN KWAPIS
2632,MONIQUE GARDENBERG
2633,HAN YAN
2634,JEREMY SAULNIER
2635,KIM A. SNYDER
2636,ÁLVARO LONGORIA
2637,ANTHONY BYRNE
2638,RASHIDA JONES
2639,ALAN HICKS
2640,ARIEL VROMEN
2641,NICOLE HOLOFCENER
2642,ALESSIO CREMONINI
2643,JORAM LÜRSEN
2644,MADELEINE GAVIN
2645,KEVIN R. ADAMS
2646,JOE KSANDER
2647,IAN SAMUELS
2648,FRANCK RIBIÈRE
2649,PETER HO
2650,QAUSHIQ MUKHERJEE
2651,ONIR
2652,JATLA SIDDARTHA
2653,KANWAL SETHI
2654,SAMUEL JOUY
2655,SHIVAM NAIR
2656,JORDAN BRADY
2657,TODD BIERMANN
2658,PATRICK GRAHAM
2659,MIKE CLATTENBURG
2660,HAN QING
2661,ATLEE KUMAR
2662,RAVI UDYAWAR
2663,R. BALKI
2664,SHREE NARAYAN SINGH
2665,MANUEL MARTÍN CUENCA
2666,SUSAN JOHNSON
2667,Y. JOON CHUNG
2668,RUCHA HUMNABADKAR
2669,MIKE NEWELL
2670,JAKE SZYMANSKI
2671,ABHISHEK VARMAN
2672,SABIR KHAN
2673,NIKHIL NAGESH BHAT
2674,XIAOXING YI
2675,YOSHITAKA TAKEUCHI
2676,HAOLING LI
2677,LAUREN MILLER ROGEN
2678,NITESH TIWARI
2679,KHALID MOHAMED
2680,SANJAY LEELA BHANSALI
2681,PREM SONI
2682,PRABHU DEVA
2683,MANDEEP KUMAR
2684,JESSE HANDSHER
2685,OLIVIER ROLAND
2686,PABLO GIORGELLI
2687,TED EMERY
2688,TONY DATIS
2689,RAÚL CAMPOS
2690,JAN SUTER
2691,BEN YOUNG
2692,KIRBY DICK
2693,CHRIS JENKINS
2694,DIEGO COHEN
2695,LEE EUNG-BOK
2696,JODY HILL
2697,SAMU FUENTES
2698,ALEXANDRE ESPIGARES
2699,SCOTT L. MONTOYA
2700,SAM VOUTAS
2701,RAJ KAUSHAL
2702,K.C. BOKADIA
2703,SAMIR SONI
2704,JUAN ANTONIO DE LA RIVA
2705,CYRUS SAIDI
2706,SHLOK SHARMA
2707,YAYO HERRERO
2708,MATT PALMER
2709,RODRIGO TRIANA
2710,FEDERICO D'ALESSANDRO
2711,SEIJI MIZUSHIMA
2712,MYRIAM AZIZA
2713,GERARD BARRETT
2714,RENE LIU
2715,JON OLB
2716,ODED RAZ
2717,MARIANA TSCHUDI
2718,HÉCTOR GÁLVEZ
2719,RAMÓN SALAZAR
2720,EDUARDO MENDOZA DE ECHAVE
2721,CRAIG JOHNSON
2722,JEFFREY WALKER
2723,SHADAB KHAN
2724,NATTAWUT POONPIRIYA
2725,FELIX STARCK
2726,NORBERTO LÓPEZ AMADO
2727,ALEX RICHANBACH
2728,BRIT MCADAMS
2729,MERCEDES CORDOVA
2730,HAYAO MIYAZAKI
2731,ANTHONY ABRAMS
2732,ADAM LARSON BRODER
2733,TREY BORZILLIERI
2734,BARBARA SCHROEDER
2735,BOBCAT GOLDTHWAIT
2736,DANI LEVY
2737,SONNY MALLHI
2738,ANDREW NICCOL
2739,ISABELLE NANTY
2740,ROB EPSTEIN
2741,JEFFREY FRIEDMAN
2742,ANTONIO MORABITO
2743,RENE BUENO
2744,JOHN WOO
2745,PATRICIA FERREIRA
2746,JIMMY HENDERSON
2747,DEVASHISH MAKHIJA
2748,AMAL NEERAD
2749,FLUVIO IANNUCI
2750,ROLY SANTOS
2751,JULIUS R. NASSO
2752,LUCAS FIGUEROA
2753,ALFONSO RODRÍGUEZ
2754,GUILLERMO GARCIA
2755,DAVID CANTOLLA
2756,DITO MONTIEL
2757,VICENTE VILLANUEVA
2758,AMIT ROY
2759,TEDDY LUSSI-MODESTE
2760,DAWN PORTER
2761,BEN SHELTON
2762,CURRO VELÁZQUEZ
2763,ROBERT SMIGEL
2764,MAX AMINI
2765,JASON SUSSBERG
2766,DAVID ALVARADO
2767,CÉLIA CATUNDA
2768,KIKO MISTRORIGO
2769,RODRIGO EBA
2770,SANG-HO YEON
2771,ANDY FICKMAN
2772,OLIVIA MILCH
2773,DAVID SINGTON
2774,HEATHER WALSH
2775,PEDRO COUTINHO
2776,JOSHUA MARSTON
2777,ELEONORE POURRIAT
2778,PETER WEBBER
2779,PETER ORTON
2780,MARJA LEWIS RYAN
2781,RYAN KOO
2782,HATEM KHRAICHE
2783,DEREK PECK
2784,JENNIFER MORRISON
2785,HÈCTOR HERNÁNDEZ VICENS
2786,KADER AOUN
2787,ABHAY CHOPRA
2788,DIEGO LERMAN
2789,FARAH KHAN
2790,ANANDA KRISHNAN
2791,AMOL PALEKAR
2792,JOE MIALE
2793,OLIVIA NEWMAN
2794,JARED STERN
2795,LENNART RUFF
2796,DAN LUCCHESI
2797,MIJKE DE JONG
2798,DARYL HANNAH
2799,MICHAEL LARNELL
2800,ADVAIT CHANDAN
2801,BRANDON CAMP
2802,ALISON KLAYMAN
2803,YOO BYUNG-JAE
2804,SUNAO KATABUCHI
2805,JOHAN BRISINGER
2806,MARIA SADOWSKA
2807,YANG WOO-SEOK
2808,JOHN L. SPENCER
2809,VICTOR COOK
2810,KAZUYA MURATA
2811,MARTIN ZANDVLIET
2812,URAAZ BAHL
2813,RICK BENATTAR
2814,BEN WALLIS
2815,ROBIN AUBERT
2816,MITCH GOULD
2817,LARS BÜCHEL
2818,AMIT BAROT
2819,CARLO PADIAL
2820,MILIND DHAIMADE
2821,HONG-SEON KIM
2822,DUNCAN JONES
2823,HANG-JUN JANG
2824,FUMIHIKO SORI
2825,MARIANO BAEZ
2826,STEPHANIE LAING
2827,ANAND TIWARI
2828,ROBERTA GROSSMAN
2829,SOPHIE SARTAIN
2830,DAVID BRUCKNER
2831,TAMTA GABRICHIDZE
2832,ARI SANDEL
2833,JULIUS ONAH
2834,ILDIKO ENYEDI
2835,YOU-JEONG CHANG
2836,DAN FORRER
2837,SELIMA TAIBI
2838,MARTY CALLNER
2839,JAVIER AMBROSSI
2840,JAVIER CALVO
2841,DAVID WAIN
2842,ISAAC FLORENTINE
2843,SCOTT MORAN
2844,SANTIAGO DIAZ
2845,PABLO MARTIN FARINA
2846,CHARLES STONE III
2847,MATT ANGEL
2848,SUZANNE COOTE
2849,CHRIS BAUGH
2850,LATIF FAIZIYEV
2851,UMESH MEHRA
2852,RAJIV MEHRA
2853,RHIANNON BANNENBERG
2854,DAVID MRNKA
2855,MAYA FORBES
2856,CHOI JIN-SEONG
2857,MILIND RAU
2858,CRAIG ELROD
2859,JOSE MANUEL COLÓN
2860,YASUHIRO IRIE
2861,ALETHEA JONES
2862,JAY BARUCHEL
2863,LUDOVIC BERNARD
2864,NOËL WELLS
2865,PATRICK BRICE
2866,DANIEL KONTUR
2867,DIEGO KAPLAN
2868,MARCO DEUFEMIA
2869,LYDIA TENAGLIA
2870,VARUN NARVEKAR
2871,SETH HENRIKSON
2872,BENSON LEE
2873,DREW HERIOT
2874,JOEL CRAWFORD
2875,MICHAEL BARRETT
2876,EVAN SPIRIDELLIS
2877,JEFF GILL
2878,LEOPOLDO AGUILAR
2879,NANA EKVTIMISHVILI
2880,SIMON GROSS
2881,OLIVIER JEAN-MARIE
2882,MYLES KANE
2883,JOSH KOURY
2884,SHREYAS TALPADE
2885,JON ALPERT
2886,IBAI ABAD
2887,JIM GABLE
2888,JOSH WAKELY
2889,JACOB KORNBLUTH
2890,ALAIN DESROCHERS
2891,GO KOGA
2892,CHRISTIAN CHARLES
2893,BRONWEN HUGHES
2894,JOHN RIDLEY
2895,PALI YAHYA
2896,ALO SARKAR
2897,IÑAKI DORRONSORO
2898,ALI BIN MATAR
2899,ALI SAMADI AHADI
2900,D HO
2901,JUDAH FRIEDLANDER
2902,ERROL MORRIS
2903,ALEX ISRAEL
2904,GRIFFIN DUNNE
2905,KATHERINE DIECKMANN
2906,HEIDI EWING
2907,RACHEL GRADY
2908,JEREMY RUSH
2909,REEM KHERICI
2910,RANJIT TIWARI
2911,DAVID STUBBS
2912,SHAKTI SAMANTA
2913,MAHMOUD AL MASSAD
2914,YESIM USTAOGLU
2915,LUCY COHEN
2916,MAHMOUD SABBAGH
2917,BORJA COBEAGA
2918,DAVID FRANCE
2919,BRANDON JONES
2920,GEUN-HYUN CHO
2921,CARLOS THERÓN
2922,FRANCESCO CARROZZINI
2923,KAREN J. LLOYD
2924,VIBEKE IDSØE
2925,CARLOS ALGARA
2926,ALEJANDRO MARTINEZ-BELTRAN
2927,JACOB LAMENDOLA
2928,RITESH BATRA
2929,DYLAN HOWITT
2930,NABIL AYOUCH
2931,LOUIS J. HORVITZ
2932,WARREN P. SONODA
2933,ÁLEX DE LA IGLESIA
2934,CHRIS MOUKARBEL
2935,ANA LILY AMIRPOUR
2936,MICHAEL BONFIGLIO
2937,YANCE FORD
2938,FERNANDO LEBRIJA
2939,RODRIGO TORO
2940,FRANCISCO SCHULTZ
2941,JOSÉ MIGUEL CONTRERAS
2942,TOSHIYUKI KUBOOKA
2943,TODD S. YELLIN
2944,MOHAMMED HUSSAIN
2945,ELI CRAIG
2946,SHAMMI KAPOOR
2947,FLORIAN SCHNELL
2948,JOSH IZENBERG
2949,WYNN PADULA
2950,MARIANO COHN
2951,GARY WANG
2952,RAZ DEGAN
2953,ISRAEL ADRIÁN CAETANO
2954,SARAH ADINA SMITH
2955,CATE SHORTLAND
2956,ADAM WINGARD
2957,DANIEL LINDSAY
2958,T.J. MARTIN
2959,TOMMY WIRKOLA
2960,JEAN-CLAUDE LA MARRE
2961,JORGE HERNANDEZ ALDANA
2962,WILL CANON
2963,ROB SILVESTRI
2964,MATTHIAS HOENE
2965,BRYAN FOGEL
2966,FABRICE DU WELZ
2967,JOHN BUTLER
2968,ALI SCHER
2969,MAZ JOBRANI
2970,ISAAC RENTZ
2971,CHRISTOPHER MURRAY
2972,CLAUDE LELOUCH
2973,VANESSA ROTH
2974,JIM STROUSE
2975,KASPER COLLIN
2976,FAZILA ALLANA
2977,ERIC ABRAMS
2978,AGUSTÍ VILLARONGA
2979,HARRY CHASKIN
2980,MARTI NOXON
2981,STEFAN BROGREN
2982,PAT HEALY
2983,NICOLAS BROSSETTE
2984,SERDAR AKAR
2985,LEKH TANDON
2986,DOESJKA VAN HOOGDALEM
2987,SUSHIL MAJUMDAR
2988,GEETU MOHANDAS
2989,PAULO ORIOL
2990,OSKAR SANTOS
2991,BILL D'ELIA
2992,BRIAN KNAPPENBERGER
2993,BRENT BONACORSO
2994,ROY BURDINE
2995,JOHNNY CASTUCIANO
2996,JAY BULGER
2997,KIP ANDERSEN
2998,KEEGAN KUHN
2999,IGINIO STRAFFI
3000,ARUN CHIDAMBARAM
3001,CAIO COBRA
3002,CAL SEVILLE
3003,MICHAEL JOHN WARREN
3004,CHANG-MIN LEE
3005,OREN UZIEL
3006,MANIKA SHARMA
3007,KIMO STAMBOEL
3008,JUN-SEONG KIM
3009,EDWARD COTTERILL
3010,ONUR TUKEL
3011,JAYAPRAKASH RADHAKRISHNAN
3012,ROB MEYER
3013,ANITA BARBOSA
3014,KETAN MEHTA
3015,DANIEL WILNER
3016,ALBERTO RODRÍGUEZ
3017,JOE PISCATELLA
3018,RAHUL DHOLAKIA
3019,JEAN-PATRICK BENES
3020,LYGIA BARBOSA DA SILVA
3021,ELIANE BRUM
3022,KUNDAN SHAH
3023,SO YONG KIM
3024,ALINA TEODORESCU
3025,FILIP RENC
3026,DYLAN BANK
3027,DANIEL DIMAURO
3028,MORGAN PEHME
3029,SEAN FOLEY
3030,PIERRE CORÉ
3031,LIZ PLONKA
3032,JEFF GARLIN
3033,MICHAEL BARNETT
3034,JESSICA YU
3035,K. RAJAGOPAL
3036,PRAVEEN NISCHOL
3037,LUCIEN JEAN-BAPTISTE
3038,SEAN CISTERNA
3039,SUDHANSHU SARIA
3040,DILIP MEHTA
3041,ISAKI LACUESTA
3042,ISA CAMPO
3043,KITTY GREEN
3044,EVAN KATZ
3045,GAURI SHINDE
3046,OLIVER SCHMITZ
3047,FELIX HERNGREN
3048,MÅNS HERNGREN
3049,JILL BAUER
3050,RONNA GRADUS
3051,FERNANDO COIMBRA
3052,ADAM LEON
3053,ANDREA MOLAIOLI
3054,MARIE MADINIER
3055,MIGUEL ÁNGEL LAMATA
3056,STEVEN BRILL
3057,ANTONIO SERRANO
3058,GRANT S. JOHNSON
3059,IPPSIE JONES
3060,JOE SWANBERG
3061,LOUIS C.K.
3062,ALEXANDRE REINECKE
3063,JAMAL HILL
3064,K. RAMANLAL
3065,MARIS CURRAN
3066,AVINASH ARUN
3067,JASON SPINGARN-KOFF
3068,A. SALAAM
3069,EDUARDO CASANOVA
3070,DANIEL BURMAN
3071,KIKE MAÍLLO
3072,LAURENT BOUZEREAU
3073,GORDON ANDERSON
3074,CHARLIE MCDOWELL
3075,MEGHAN O'HARA
3076,TOMMY O'HAVER
3077,LONNY PRICE
3078,SYDNEY FREELAND
3079,JUNG-WOO PARK
3080,JAMES IVORY
3081,SANTOSH SIVAN
3082,ERIK CANUEL
3083,PETER MIDDLETON
3084,JAMES SPINNEY
3085,SHASHILAL K. NAIR
3086,MARCEL BARRENA
3087,GERARD MCMURRAY
3088,SELVAMANI SELVARAJ
3089,MIKE BIRBIGLIA
3090,LÔ POLITI
3091,TOMAS PORTELLA
3092,MACON BLAIR
3093,JUAN PABLO BUSCARINI
3094,THOMAS STUBER
3095,SCOT MCFADYEN
3096,RAÚL ARÉVALO
3097,MATÍAS BIZE
3098,MICHAEL PAUL STEPHENSON
3099,COLIN DENCH
3100,RICKY GERVAIS
3101,JOACHIM FEST
3102,CHRISTIAN HERRENDOERFER
3103,MALIK VITTHAL
3104,JOAQUÍN MAZÓN
3105,JONÁS TRUEBA
3106,PETER DELUISE
3107,ALEJANDRA MÁRQUEZ ABELLA
3108,SÉBASTIEN BETBEDER
3109,ADAM RANDALL
3110,MARCO DUTRA
3111,MARIO ROULEAU
3112,ANIRUDDHA ROY CHOWDHURY
3113,CHESTER TAM
3114,HANNES STÖHR
3115,ANDREAS PROCHASKA
3116,MAXIMILIAN ERLENWEIN
3117,BURHAN QURBANI
3118,HUBERT WORONIECKI
3119,ALISTAIR LEGRAND
3120,MIR-JEAN BOU CHAAYA
3121,JEANNIE GAFFIGAN
3122,BABAK ANVARI
3123,EMILY HAGINS
3124,GREG RICHARDSON
3125,UWE BOLL
3126,MITCH SCHAUER
3127,ROHIT MITTAL
3128,STEVE HICKNER
3129,DIEGO LUNA
3130,JORGE MICHEL GRAU
3131,RIKI LINDHOME
3132,JEREMY KONNER
3133,VIKRAM GANDHI
3134,SEAN HANISH
3135,SINAN AKKUŞ
3136,MATT BELL
3137,JAMES HAWES
3138,ELITE ZEXER
3139,JAMES YUKICH
3140,NIC MATHIEU
3141,CHRIS KELLY
3142,ROMAN GACKOWSKI
3143,BENJAMIN DICKINSON
3144,SACHA WOLFF
3145,ADAM NIMOY
3146,ELIZABETH WOOD
3147,ROBERT MCCULLOUGH JR.
3148,SHRIHARI SATHE
3149,RALPH MACCHIO
3150,RICARDO MALDONADO
3151,VETRIMAARAN
3152,LINAS PHILLIPS
3153,JEFF MARGOLIS
3154,BAUDDHAYAN MUKHERJI
3155,MARÍA JOSE CUEVAS
3156,CHRIS SPARLING
3157,RAÚL CAMPOS DELGADO
3158,MICHELLE CAPUTO
3159,VOLKER WEICKER
3160,MANJEET SINGH
3161,LORENE MACHADO
3162,RICHARD LADKANI
3163,RICHARD MEARS
3164,MOTO SAKAKIBARA
3165,EMILIO MARTÍNEZ LÁZARO
3166,OSGOOD PERKINS
3167,WERNER HERZOG
3168,JULIEN RAMBALDI
3169,YVAN ATTAL
3170,BENJAMIN WEILL
3171,ROGER GUAL
3172,THOMAS SORRIAUX
3173,CLOVIS CORNILLAC
3174,JONATHAN DEMME
3175,DAVE HIGBY
3176,RICHIE SMYTH
3177,RICCARDO PILIZZERI
3178,GUILHERME FONTES
3179,AAMIR BASHIR
3180,DAVID SCHALKO
3181,PIETER KUIJPERS
3182,PRASHANT NAIR
3183,PAUL TAUBLIEB
3184,JON FREEMAN
3185,RICCARDO MILANI
3186,ROD BLACKHURST
3187,BRIAN MCGINN
3188,TONY ELLIOTT
3189,DAN KRAUSS
3190,CHRISTOPHER LOUIE
3191,JUSTIN KROOK
3192,MICHAEL DRUMM
3193,ALEX COLETTI
3194,JOHN SMITHSON
3195,CHRISTOPHER MARTIN
3196,TOM WHITTER
3197,SIAN HEDER
3198,KARL MUELLER
3199,ALLAN UNGAR
3200,HEMANT GABA
3201,PRATIM D. GUPTA
3202,SUDHISH KAMATH
3203,NALAN KUMARASAMY
3204,ANU MENON
3205,SANDEEP MOHAN
3206,RAJSHREE OJHA
3207,RAJA SEN
3208,ABHINAV SHIV TIWARI
3209,ROB BURNETT
3210,JON GREENHALGH
3211,FELIX VAN GROENINGEN
3212,RODOLPHE GUENODEN
3213,JASON KRAWCZYK
3214,SOPHIE ROBINSON
3215,LOTJE SODDERLAND
3216,JOHN LEE
3217,YUEN WO-PING
3218,ALIK SAKHAROV
3219,L. FRAZIER
3220,FRANK CORACI
3221,KRISTIN HANGGI
3222,J. DAVIS
3223,JENNIFER LEE
3224,PATRICK OSBORNE
3225,LAUREN MACMULLAN
3226,JOHN KAHRS
3227,NATHAN GRENO
3228,BYRON HOWARD
3229,STEVIE WERMERS
3230,DEAN WELLINS
3231,KEVIN DETERS
3232,ROGER ALLERS
3233,MIKE GABRIEL
3234,MARK HENN
3235,ANDREW BUJALSKI
3236,ADAM DUBIN
3237,CARY JOJI FUKUNAGA
3238,AARON HANN
3239,MARIO MISCIONE
3240,EVGENY AFINEEVSKY
3241,KRISTINA GOOLSBY
3242,ASHLEY YORK
3243,PHIL JOANOU
3244,ANTHONY PIERCE
3245,JENNIFER PHANG
3246,MIKE FLEISS
3247,AZIZ ANSARI
3248,DAVID SAMPLINER
3249,KATY CHEVIGNY
3250,WYATT CENAC
3251,LUIS LOPEZ
3252,CLAY TWEEL
3253,ROBERT NIXON
3254,FISHER STEVENS
3255,GREG WHITELEY
3256,JASON MOORE
3257,JOSH GREENBAUM
3258,WILL LOVELACE
3259,DYLAN SOUTHERN
3260,CONSTANCE MARKS
3261,LARRY ELIKANN
3262,ROBERT MARKOWITZ
3263,ERIC LANEUVILLE
3264,JOEL OLIANSKY
3265,ROY CAMPANELLA II
3266,ARTHUR ALLAN SEIDELMAN
3267,JOHN HERZFELD
3268,BUZZ KULIK
3269,RICHARD MICHAELS
3270,LINDA OTTO
3271,ROGER YOUNG
3272,ROB LADUCA
3273,ROBERT C. RAMIREZ
3274,ICÍAR BOLLAÍN
3275,JOE DANTE
3276,OLE BORNEDAL
3277,SORIN DAN MIHALCESCU
3278,SHANE ACKER
3279,KEVIN REYNOLDS
3280,SHRAVAN KUMAR
3281,VIJAY MILTON
3282,SANTWANA BARDOLOI
3283,ATANU GHOSH
3284,LYRIC R. CABRAL
3285,DAVID FELIX SUTCLIFFE
3286,MICHAEL MARGOLIS
3287,MICHAEL KENNEDY
3288,ÓSKAR THÓR AXELSSON
3289,KARYN KUSAMA
3290,ADAM DEYOE
3291,LEIF TILDEN
3292,MELINDA JANKO
3293,SAM UPTON
3294,VICTOR ZARCOFF
3295,DANIEL STAMM
3296,DANIEL LEE
3297,SCOTT HUSSION
3298,SETH FULLER
3299,RICHARD DONNER
3300,BURR STEERS
3301,DAVID MARMOR
3302,RAYMOND WOOD
3303,HASRAF DULULL
3304,MIKE MILLS
3305,JON LUCAS
3306,SCOTT MOORE
3307,JOEY CURTIS
3308,BRIAN SMRZ
3309,NICANOR LORETI
3310,SIMON NAPIER-BELL
3311,BETTY THOMAS
3312,GABY DELLAL
3313,IMAN BROTOSENO
3314,SHAZIA JAVED
3315,HANI HAMDI
3316,RUBEN FLEISCHER
3317,MACIEJ DEJCZER
3318,JACK C. NEWELL
3319,ANDREW NACKMAN
3320,VICTOR LEVIN
3321,JONATHAN LEVINE
3322,TOA FRASER
3323,BHARAT JAIN
3324,TRENT HAAGA
3325,NIZAR SHAFI
3326,MEENU GAUR
3327,FARJAD NABI
3328,PADMAKUMAR NARASIMHAMURTHY
3329,RICHARD ATTENBOROUGH
3330,STANLEY KUBRICK
3331,STEPHEN GYLLENHAAL
3332,TOM FASSAERT
3333,MARK WILLIAMS
3334,ROMAN COPPOLA
3335,ERIK NELSON
3336,TEO KONURALP
3337,JIM FALL
3338,ANDY GODDARD
3339,CHRIS BELL
3340,CHRISTOPHER S. RECH
3341,BRANDON KIMBER
3342,MICHAEL LENNOX
3343,KEES VAN OOSTRUM
3344,HENRY SARWER-FONER
3345,ISHAAN TRIVEDI
3346,ASGHAR FARHADI
3347,MARIA BURTON
3348,NATALIE PORTMAN
3349,MARTIN LAWRENCE
3350,ADAM SHANKMAN
3351,GREGORY CARUSO
3352,RUSTY NIXON
3353,OLIVER DALY
3354,MIDHUN MANUEL THOMAS
3355,CHANDRAKANT KULKARNI
3356,UTTUNG SHELAR
3357,SEUNG-UK JO
3358,CHAD VAN DE KEERE
3359,DANIELA GOGGI
3360,ALFONSO SERRANO MATURINO
3361,JULIEN CHRISTIAN LUTZ
3362,JULIE TAYMOR
3363,MIKE MCCOY
3364,SCOTT WAUGH
3365,BRETT DONOWHO
3366,THIERRY DONARD
3367,ANNE FONTAINE
3368,SANDEEP CHATTERJEE
3369,KYLE RIDEOUT
3370,BRYCE WAGONER
3371,BRITTANY ANDREWS
3372,NICOLÁS LÓPEZ
3373,TERRY LOANE
3374,BISWAJEET BORA
3375,CASTILLE LANDON
3376,GERVASIO IGLESIAS
3377,J. MICHAEL LONG
3378,SUSAN GLATZER
3379,EVA VIVES
3380,DON BLUTH
3381,GARY GOLDMAN
3382,DAN KUENSTER
3383,VÍCTOR GARCÍA
3384,CHARLIE VAUGHN
3385,CHRIS BLAKE
3386,MATTHEW HOPE
3387,VINCENT PEREZ
3388,LEE TAMAHORI
3389,RICHARD RICH
3390,GREG KOHS
3391,TREY HALEY
3392,ATUL MALHOTRA
3393,MANMOHAN DESAI
3394,KHALED YOUSSEF
3395,CHARLIE SISKEL
3396,SAM MENDES
3397,BRENDON MAROTTA
3398,BARAK GOODMAN
3399,SHARON GRIMBERG
3400,MARK ZWONITZER
3401,WILSON CONEYBEARE
3402,SARIK ANDREASYAN
3403,TONY KAYE
3404,ANDREA ARNOLD
3405,NICK DAVIS
3406,JERRY G. ANGELO
3407,ASIF KAPADIA
3408,KARAN BALI
3409,PHIL NIBBELINK
3410,SIMON WELLS
3411,LARRY LATHAM
3412,PERRY LANG
3413,ISMAIL FAROUK
3414,AVINASH DAS
3415,CARLOS MARQUES-MARCET
3416,TIM BLAKE NELSON
3417,LUIS MANDOKI
3418,PAN NALIN
3419,SOHAIL TATARI
3420,PAUL SERAFINI
3421,JUAN ZAPATA
3422,SHERIF ISMAIL
3423,KEN BARBET
3424,MANISH JHA
3425,DAVID SALZBERG
3426,CHRISTIAN TUREAUD
3427,J.F. MUSIAL
3428,JOSH VIETZE
3429,CHRISTIAN DESMARES
3430,FRANCK EKINCI
3431,CHRISTOPHER CHAMBERS
3432,KHALED EL HALAFAWY
3433,NIA DINATA
3434,JASON WINER
3435,SARAH SMITH
3436,JAMES L. BROOKS
3437,JOHN MURLOWSKI
3438,SUNG-SOO KIM
3439,MIKE NICOLL
3440,JASON STONE
3441,MEZ THARATORN
3442,DAVID MORRIS
3443,JACQUI MORRIS
3444,FABRIZIO COPANO
3445,AUGUSTO MATTE
3446,MIKE ROSSITER
3447,GABE IBÁÑEZ
3448,ANTHONY RUSSO
3449,JOE RUSSO
3450,LEVAN TSIKURISHVILI
3451,AJAY BAHL
3452,ÇAGAN IRMAK
3453,ALEJANDRO G. IÑÁRRITU
3454,SHIKHA MAKAN
3455,JOSÉ EDUARDO BELMONTE
3456,ADAM MACDONALD
3457,DAVE PATTEN
3458,MICHAEL PETRONI
3459,DAVID CHIRCHIRILLO
3460,SALIMA KOROMA
3461,SUMITRA BHAVE
3462,SUNIL SUKTHANKAR
3463,JUSTIN LEE
3464,PHIL WEINSTEIN
3465,HAISSAM HUSSAIN
3466,ZOE LISTER-JONES
3467,AARON NEE
3468,ADAM NEE
3469,TANIT JITNUKUL
3470,MANOP JANJARASSKUL
3471,ADISORN TRESIRIKASEM
3472,JORDI LLOMPART
3473,RAJA MENON
3474,MATTHEW SALLEH
3475,ADAM WOOD
3476,ZEKE NORTON
3477,ANDREW TAN
3478,MICHAEL GOGUEN
3479,WILLIAM LAU
3480,EZEKIEL NORTON
3481,KYLE NEWMAN
3482,ESTEBAN VIDAL
3483,DAVA WHISENANT
3484,HRISHIKESH MUKHERJEE
3485,SAGAR SARHADI
3486,LILIBET FOSTER
3487,JOSHUA CALDWELL
3488,VOLKER ARZT
3489,ANGELIKA SIGL
3490,MEL SMITH
3491,MIKE JUDGE
3492,BRUCE W. SMITH
3493,AGASYAH KARIM
3494,KHALID KASHOGI
3495,JULIAN JARROLD
3496,KEIKO YAGI
3497,KATHERINE FAIRFAX WRIGHT
3498,RAJEEV CHAUDHARI
3499,ANTHONY WONKE
3500,APRIL MULLEN
3501,ADAM MARINO
3502,JOE CAMP
3503,TAMER BASSIOUNI
3504,TED BRAUN
3505,DHARMESH DARSHAN
3506,SUSHRUT JAIN
3507,MAJID MAJIDI
3508,JASBIR BIJENDRA BHATI
3509,JOEY KERN
3510,SCOTT MARTIN
3511,KASPAR ASTRUP SCHRÖDER
3512,NICK BROOMFIELD
3513,STEPHEN DALDRY
3514,VONDA HARRELL
3515,DANIEL CAMENISCH
3516,INDRASIS ACHARYA
3517,GAJENDRA AHIRE
3518,VIJU MANE
3519,GIRISH MOHITE
3520,RAVI JADHAV
3521,EMANUEL HOSS-DESMARAIS
3522,MARIANNA PALKA
3523,HAM TRAN
3524,MIGUEL CONDE
3525,SUPAVITRA BABUL
3526,MARK HARRIS
3527,JESSE GUSTAFSON
3528,MARTIN HODARA
3529,GABRIELA COWPERTHWAITE
3530,DANIEL ALFREDSON
3531,ETHAN HAWKE
3532,BEN YOUNGER
3533,DEANE TAYLOR
3534,JULY HYGRECK
3535,JEAN-FRANÇOIS RICHET
3536,TED DEMME
3537,ABDELLATIF KECHICHE
3538,WOODY ALLEN
3539,LEV L. SPIRO
3540,DEREK CIANFRANCE
3541,JEREMY KENYON LOCKYER CORBELL
3542,JAY SURRIDGE
3543,ELVIRA LIND
3544,RAJ KAPOOR
3545,GABRIEL CLARKE
3546,TORQUIL JONES
3547,BRENDAN BYRNE
3548,GEOFFREY ORTHWEIN
3549,ANDREW SULLIVAN
3550,CHRIS WILLIAMS
3551,ALEXANDRA DEAN
3552,JELLE DE JONGE
3553,ARTHUR PENN
3554,KAIZAD GUSTAD
3555,GARY COHEN
3556,ROSS HOCKROW
3557,GAYANE PETROSYAN
3558,RICHARD SEARS
3559,ALÊ ABREU
3560,CHRIS STOKES
3561,MICHAEL DONEGER
3562,CECILIA PECK
3563,JODY LAMBERT
3564,SIMON BAKER
3565,RIAN JOHNSON
3566,ROBERT ADETUYI
3567,LU YANG
3568,VIVIENO CALDINELLI
3569,MIKE WILUAN
3570,ANDREAS JOHNSEN
3571,DAVID MCCRACKEN
3572,STEVE ANTIN
3573,JON MANNING
3574,LEE CHANG-DONG
3575,CARY MURNION
3576,JONATHAN MILOTT
3577,DANIEL MANN
3578,DANIELE THOMPSON
3579,TRAVIS ZARIWNY
3580,NÉSTOR SÁNCHEZ SOTELO
3581,ASIM ABBASI
3582,CARLOS BOLADO
3583,SCOTT MARSHALL SMITH
3584,LISA ARNOLD
3585,PETER SATTLER
3586,HARRY ELFONT
3587,DEBORAH KAPLAN
3588,BERNARD ROSE
3589,JUSTIN PEMBERTON
3590,NOUSHAD
3591,MARK O'CONNOR
3592,CHITO S. ROÑO
3593,TODD HAYNES
3594,BRIAN DE PALMA
3595,MATT PIEDMONT
3596,WONG JING
3597,RICHARD BROOKS
3598,AARON HANCOX
3599,MICHAEL MCNAMARA
3600,HENRIK MARTIN DAHLSBAKKEN
3601,SHIVENDRA SINGH DUNGARPUR
3602,NICHOLAS HYTNER
3603,HARRY BAWEJA
3604,AATMARAM DHARNE
3605,UMER ADIL
3606,ARNE BIRKENSTOCK
3607,DIANNE DREYER
3608,GARIN NUGROHO
3609,JOHN CURRAN
3610,CHARLES A. NICHOLS
3611,IWAO TAKAMOTO
3612,JASON KWAN
3613,JOHN SCHEINFELD
3614,GURVINDER SINGH
3615,ASIT MOHAPATRA
3616,ANURANJAN PREMJI
3617,MARK DINDAL
3618,TOM HOLLAND
3619,TAN BING
3620,BEDABRATA PAIN
3621,KEN HUGHES
3622,ATOM EGOYAN
3623,ANDREW SANDLER
3624,CORBIN BERNSEN
3625,MARITA GRABIAK
3626,GARY WHEELER
3627,MARC FORSTER
3628,MOHSIN ALI
3629,KATIA LUND
3630,PETE TRAVIS
3631,NICK MEAD
3632,LOUIS LETERRIER
3633,GREGORY HOBLIT
3634,ERIC STOLTZ
3635,JACK STARRETT
3636,CHRIS PERKEL
3637,JOHN CROWLEY
3638,LILLY WACHOWSKI
3639,LANA WACHOWSKI
3640,TOM TYKWER
3641,MATT REEVES
3642,THOMAS CARTER
3643,VISHAL MISHRA
3644,SAURAV PALODHI
3645,FLORIAN GALLENBERGER
3646,ZACK WHEDON
3647,CRAIG GOODWILL
3648,JESSE ADANG
3649,VAN M. PHAM
3650,GAVIN FITZGERALD
3651,ABDUL AZIZ HASHAD
3652,STUART ROSENBERG
3653,BEN STEELE
3654,HENRY SELICK
3655,JASON BOURQUE
3656,MICAH BICKHAM
3657,GALLEY MOLINA
3658,KRANTI KANADE
3659,ANG LEE
3660,DON MANCINI
3661,ZACHARY HEINZERLING
3662,CHANDRAKANT KANSE
3663,GARY DAVID GOLDBERG
3664,STEVE CARR
3665,AMARA CASH
3666,PABLO PARÉS
3667,JOHNSON ESTHAPPAN
3668,RAJ AMIT KUMAR
3669,JEAN-MARC VALLÉE
3670,PHILIPP EICHHOLTZ
3671,BRENDAN TOLLER
3672,AGNIDEV CHATTERJEE
3673,ALEXANDROS AVRANAS
3674,PRAWAL RAMAN
3675,PARVEEN KUMAR
3676,JULIE DASH
3677,AMMAN ABBASI
3678,DYLAN HAEGENS
3679,BAS VAN TEYLINGEN
3680,JAKE PALTROW
3681,TOM EDMUNDS
3682,TANVEER KHAN
3683,DANNY J. BOYLE
3684,TANUJ BHRAMAR
3685,JASON PRIESTLEY
3686,NEIL LABUTE
3687,HARRISON SMITH
3688,CLAY PORTER
3689,KEN BURNS
3690,ARTEMIS JOUKOWSKY
3691,DENNIS ILIADIS
3692,CAMILLA NIELSSON
3693,CHRISTIAN GUDEGAST
3694,FREDERICK CIPOLETTI
3695,SAM PATTON
3696,MOHAMED SAMY
3697,CHRISTOPHER SMITH
3698,MICHAEL FEIFER
3699,SAARA CANTELL
3700,CLAY STAUB
3701,HARK TSUI
3702,BEN RYDER
3703,BENOÎT JACQUOT
3704,CHIA-LIANG LIU
3705,TODD STANDING
3706,BENJAMIN ARFMANN
3707,DAVID LEAN
3708,PAUL SCHRADER
3709,PHILIP MARLATT
3710,CHARLES MARTIN SMITH
3711,MAHIN IBRAHIM
3712,AUSTIN KOLODNEY
3713,WILL LOWELL
3714,DAVID BEIER
3715,DAVE DORSEY
3716,XU ZHANG
3717,ALANA WAKSMAN
3718,JON YONKONDY
3719,DRUE METZ
3720,BRANDON SOMERHALDER
3721,TROY NIXEY
3722,CARADOG W. JAMES
3723,DANIEL GORDON
3724,JOHN PATRICK SHANLEY
3725,M.J. ISAKSON
3726,BO WELCH
3727,SCOTT MOSIER
3728,YARROW CHENEY
3729,ROB COHEN
3730,COLIN TEAGUE
3731,DOUG LEFLER
3732,PATRIK SYVERSEN
3733,GREG MACGILLIVRAY
3734,TRISTAN FERLAND MILEWSKI
3735,REINER HOLZEMER
3736,AFIA NATHANIEL
3737,EESHWAR NIVAS
3738,EMMA HATHERLEY
3739,DAVE GREEN
3740,ANTHONY LUCERO
3741,WILL GLUCK
3742,BRUCE GOWERS
3743,AJITHKUMAR
3744,HARJIT SINGH
3745,PHILIPP STÖLZL
3746,FEDERICO LEMOS
3747,BASSAM KURDALI
3748,JOHN BRIDCUT
3749,SEBASTIAN GUTIERREZ
3750,FABIEN BEZIAT
3751,HUGUES NANCY
3752,NILS TAVERNIER
3753,JON SPIRA
3754,MICHAEL THELIN
3755,RIRI RIZA
3756,NEIL TRIFFETT
3757,GREG COOLIDGE
3758,AJAY PHANSEKAR
3759,DENIS VILLENEUVE
3760,JENNY CARCHMAN
3761,JASON JAMES
3762,ROBERT CLOUSE
3763,KURT WIMMER
3764,WOJCIECH MARCZEWSKI
3765,MARCELO GONZÁLEZ
3766,VALERIA GOLINO
3767,ROBI MICHAEL
3768,ALEX GARLAND
3769,JAMES LEE
3770,STUART BAIRD
3771,ANDERS SØMME HAMMER
3772,MARIUS ARNESEN
3773,KLAUS ERIK OKSTAD
3774,OLAV NJAASTAD
3775,MICHAEL WHITTON
3776,JOSEPH MBAH
3777,BENNY FINE
3778,MATT TORONTO
3779,SEDAT KIRTAN
3780,KUBILAY SARIKAYA
3781,KEITH L. SMITH
3782,NAGRAJ MANJULE
3783,SHADI ALI
3784,IAN BARBER
3785,NORMAN JEWISON
3786,BIYI BANDELE
3787,LUKE JUREVICIUS
3788,ARI LEVINSON
3789,TONY ZIERRA
3790,JAMES WONG
3791,DAVID R. ELLIS
3792,GIANFRANCO ROSI
3793,SABAL SINGH SHEKAWAT
3794,ARTHUR MUHAMMAD
3795,NIRPAL BHOGAL
3796,KEITH MALLOY
3797,ANDREW RENZI
3798,GERRY BLAKSLEY
3799,CHEH CHANG
3800,MARC ABRAHAM
3801,KANG CHENG
3802,SHAN HUA
3803,ASRI BENDACHA
3804,JUAN MANUEL COTELO
3805,MARK HELENOWSKI
3806,KEVIN PANG
3807,DEAN WRIGHT
3808,MARK MURPHY
3809,RICHARD MIRON
3810,JON CAREY
3811,ADAM DARKE
3812,FRED M. WILCOX
3813,MAYA ZINSHTEIN
3814,LEE FULKERSON
3815,SETH GORDON
3816,TRUDIE STYLER
3817,MARC LEVIN
3818,WADE ALLAIN-MARCUS
3819,JESSE ALLAIN-MARCUS
3820,JUDE OKWUDIAFOR JOHNSON
3821,MARCUS NISPEL
3822,SIMON VERHOEVEN
3823,HEBER CANNON
3824,BOB ROSE
3825,LE VAN KIET
3826,ADAM DEL GIUDICE
3827,HOYT YEATMAN
3828,FELLIPE BARBOSA
3829,PAVEL PARKHOMENKO
3830,RUDY SOEDJARWO
3831,HIROSHI KATAGIRI
3832,MANBHAVAN SINGH
3833,P.K. BAABURAAJ
3834,DAVID GROSSMAN
3835,GUY VASILOVICH
3836,NICHOLAS STOLLER
3837,DAVID SILBERG
3838,RICH RAGSDALE
3839,KAZUCHIKA KISE
3840,PARTHO GHOSH
3841,VINCENTE MINNELLI
3842,CHARLES WALTERS
3843,SALLY POTTER
3844,BRETT WHITCOMB
3845,HAROLD CRONK
3846,JEDD WIDER
3847,TODD WIDER
3848,GORDON CHAN
3849,MICHAEL MASON
3850,FRANCIS LEE
3851,TAKUYA INABA
3852,SAM DE JONG
3853,IVAN SEN
3854,MARK LANDRE GOULD
3855,NESLIHAN YESILYURT
3856,CHRIS MCCOY
3857,WENDY JO CARLTON
3858,TAREK ABDEL MOATY
3859,HENRIK RUBEN GENZ
3860,JUSTIN CHON
3861,ROBERT ALTMAN
3862,MATHIEU KASSOVITZ
3863,ANANTH NARAYAN MAHADEVAN
3864,TANUJ CHOPRA
3865,NANETTE BURSTEIN
3866,ERIC JUHOLA
3867,ANJALI NAYAR
3868,JAMES WOODROFFE
3869,ALI TANER BALTACI
3870,MAMORU OSHII
3871,HIDEKI FUTAMURA
3872,TOSHIYUKI KANNO
3873,TOMOKI KYODA
3874,KOICHI MASHIMO
3875,YASUSHI MURAKI
3876,DAISUKE NISHIO
3877,FRANK O'CONNOR
3878,KOJI SAWAI
3879,JOSEPH CHOU
3880,HIROSHI YAMAZAKI
3881,IAN KIRBY
3882,SATISH KAUSHIK
3883,JOHN IRVIN
3884,AKRAM FAROUK
3885,JOHNNY MARTIN
3886,TIM VAN SOMEREN
3887,JOE DIETSCH
3888,LOUIE GIBSON
3889,LUIS JAVIER M. HENAINE
3890,ROBERT OSMAN
3891,NATHANAEL WISEMAN
3892,ILYA NAISHULLER
3893,JON HURWITZ
3894,HAYDEN SCHLOSSBERG
3895,DANNY LEINER
3896,DANIEL RAIM
3897,AH LOONG
3898,RON DAVIS
3899,JUSTIN BARE
3900,MATTHEW MIELE
3901,JON SCHNITZER
3902,BRANT SERSEN
3903,EDDIE MARTIN
3904,ANDREW C. ERIN
3905,QUINN LASHER
3906,ELLE CALLAHAN
3907,ANA KOKKINOS
3908,KELLY NOONAN
3909,DAVID MIRKIN
3910,HUANG JIANMING
3911,TOM GIANAS
3912,ROSS R. SHUMAN
3913,CHRISTEL GIBSON
3914,TIMOTHY WOODWARD JR.
3915,SHAWN ARRANHA
3916,LIU JIE
3917,SCOTT HICKS
3918,LUCY VAN BEEK
3919,JENNIFER LYNCH
3920,VISHNU GOVINDHAN
3921,DANIEL ABLIN
3922,ASIM RAZA
3923,NEIL ARMFIELD
3924,ANTHONY SCOTT BURNS
3925,NICHOLAS MCCARTHY
3926,ADAM EGYPT MORTIMER
3927,GARY SHORE
3928,KEVIN KOLSCH
3929,DENNIS WIDMYER
3930,WILL ALLEN
3931,NOTE CHERN-YIM
3932,RAKSHITH THIRTHAHALLI
3933,ANINDYA CHATTERJEE
3934,BILLE WOODRUFF
3935,MIKE DISA
3936,SUDIP BANDYOPADHYAY
3937,BRODJE WEMBOENDJA
3938,AYUSH RAINA
3939,MARTY STALKER
3940,SCOTT COOPER
3941,MICHAEL POLISH
3942,MAX MCGILL
3943,JANUSZ MAJEWSKI
3944,GENNDY TARTAKOVSKY
3945,MARK TONDERAI
3946,SANDY CHRONOPOULOS
3947,ZIGA VIRC
3948,TOM O'DELL
3949,KEN MARINO
3950,LIONEL C. MARTIN
3951,JOCELYN MOORHOUSE
3952,CAL SAVILLE
3953,AMAR GUPTE
3954,FRANK PAUR
3955,RAJ KANWAR
3956,DREW CASSON
3957,JONATHAN MOSTOW
3958,MATT KUGELMAN
3959,GABRIEL GRIECO
3960,BENJAMIN TURNER
3961,GABE TURNER
3962,MARY MAZZIO
3963,LAURA VANZEE TAYLOR
3964,FENG XIAOGANG
3965,ADAM SJÖBERG
3966,CHUCK RUSSELL
3967,DOUGLAS MCGRATH
3968,MARIA DEMESHKINA PEEK
3969,KEN LOACH
3970,STEVE RACE
3971,BRETT HARVEY
3972,LAW WING-CHEONG
3973,SACHIN
3974,TONY LEONDIS
3975,KAREY KIRKPATRICK
3976,WALERIAN BOROWCZYK
3977,TARON LEXTON
3978,AYTAÇ AĞIRLAR
3979,ERIC ZARAGOSA
3980,SUMAN MUKHOPADHYAY
3981,JONATHAN BAKER
3982,ELIZABETH CHAI VASARHELYI
3983,BRAD BIRD
3984,SANJEEV GUPTA
3985,JOHN STEWART MULLER
3986,LUCA VULLO
3987,IAIN SOFTLEY
3988,K. SUBHASH
3989,EUGENIO DERBEZ
3990,MICHAEL GALLAGHER
3991,PATRICIA ROZEMA
3992,CHARLES OFFICER
3993,JOHN TRENGOVE
3994,KEDAR SHINDE
3995,JACOB SCHWAB
3996,LEO RILEY
3997,V. K. PRAKASH
3998,MANISH TIWARY
3999,ZATELLA BEATTY
4000,YOUNG JUN LEE
4001,MATHIAS MALZIEU
4002,STÉPHANE BERLA
4003,HARVEY GLAZER
4004,STUART STONE
4005,STUART ORME
4006,DUSTIN NGUYEN
4007,AZFAR JAFRI
4008,GERRY HOBAN
4009,C. FITZ
4010,JOE BOYD
4011,DAVID GELB
4012,RADHU KARMAKAR
4013,JOHN EDGINTON
4014,ASHIM AHLUWALIA
4015,ANDREW STANTON
4016,BILL OLIVER
4017,TOBY HAYNES
4018,AMARDEEP SINGH GILL
4019,SUSANNAH HEATH-EVES
4020,NORA EPHRON
4021,SALIM AKIL
4022,PHIL MORRISON
4023,KATHRYN BIGELOW
4024,SANJAY GUPTA
4025,KRANTI REDKAR
4026,TINNU ANAND
4027,JIJO PANCODE
4028,PA. RANJITH
4029,BUTA SINGH
4030,GAËTAN BRIZZI
4031,PAUL BRIZZI
4032,JOAN C. GRATZ
4033,MOHAMMED SAEED HARIB
4034,TOMM MOORE
4035,NINA PALEY
4036,BILL PLYMPTON
4037,JOANN SFAR
4038,MICHAEL SOCHA
4039,POOJA BHATT
4040,RUPERT JONES
4041,DHILIP KUMAR
4042,SAI PARANJAPE
4043,ALPHONSO J. WESSON
4044,VINEETH ANIL
4045,TIM STORY
4046,LORI KAYE
4047,SUBHASH GHAI
4048,SURYA S.J.
4049,SUNIL KUMAR AGRAWAL
4050,SUDIPTO ROY
4051,JOHN STOCKWELL
4052,STEVEN GOMEZ
4053,FRÉDÉRIC TONOLLI
4054,PAUL TANTER
4055,ATTILA TILL
4056,PAUL KATIS
4057,FELIX THOMPSON
4058,JEFFREY W. BYRD
4059,STEVE GREENWOOD
4060,DENIZ GAMZE ERGÜVEN
4061,WOO MING JIN
4062,FRANK CAPRA
4063,JORIS IVENS
4064,ALEX PROYAS
4065,JONATHAN TAYLOR
4066,JOACHIM RØNNING
4067,ESPEN SANDBERG
4068,GULZAR
4069,HANS PETTER MOLAND
4070,MUNJAL SHROFF
4071,TILAK SHETTY
4072,OLIVER BLACKBURN
4073,WILLIAM H. MACY
4074,REMY KOHLI
4075,STEPHEN CHOW
4076,ANDRÉS COUTURIER
4077,STANLEY TONG
4078,SURESH PILLAI
4079,YUSUF PIRHASAN
4080,DEVIN CHANDA
4081,SAMIR KARNIK
4082,LEANDRO MARK
4083,NICOLÁS SILBERT
4084,GIULIO BASE
4085,ALEJANDRO LOZANO
4086,SYED AHMAD AFZAL
4087,SOPON SUKDAPISIT
4088,CHRIS NAHON
4089,R. ELLIS FRAZIER
4090,JAKI BRADLEY
4091,KAZUAKI KIRIYA
4092,MASSY TADJEDIN
4093,DAMIEN PISCAREL
4094,EMMANUEL AMARA
4095,ANAND TUCKER
4096,ROY ALLEN SMITH
4097,RON MYRICK
4098,B.N. SHAJEER SHA
4099,VIC ARMSTRONG
4100,YANG LEI
4101,STEPHEN MURRAY
4102,ANDERS FALCK
4103,STINUS MORELL VITHNER
4104,MARIO CAMBI
4105,PASCAL BLANCHARD
4106,SONIA DAUGER
4107,DAVID DIETZ
4108,JOHN HUSTON
4109,ONUR ÜNLÜ
4110,JENNA LAURENZO
4111,JUSTIN MCCONNELL
4112,KEVIN PEEPLES
4113,ALFONSO ARAU
4114,KARIM EL SOBKY
4115,ELLEN WEISSBROD
4116,HUA SHAN
4117,TIM BARTLEY
4118,ROBYN BUTLER
4119,IRA SACHS
4120,ZACH CLARK
4121,NICK GOMEZ
4122,GUY RITCHIE
4123,STEVEN KNIGHT
4124,JAMES MATHER
4125,STEVE SAINT LEGER
4126,FERNANDO SARIÑANA
4127,JOSÉ LUIS GUTIÉRREZ
4128,MICHAEL ANDERSON
4129,JAKOB VERBRUGGEN
4130,JENNIFER BAICHWAL
4131,NICHOLAS DE PENCIER
4132,SZE YU LAU
4133,DAVID WNENDT
4134,IGNACIO LÓPEZ ESCRIVÁ
4135,SARAH MOSHMAN
4136,CHARNEICE FOX
4137,SAANDEEP PATEL
4138,STEVEN FINE
4139,AHMAD SAMIR FARAG
4140,SRIDHAR JETTY
4141,CHRISTIAN DITTER
4142,ALMA HAR'EL
4143,KATHERINE BROOKS
4144,ANA QUIROGA
4145,RADHIKA RAO
4146,VINAY SAPRU
4147,PRABHURAJ
4148,TICOY RODRIGUEZ
4149,JAYAN VANNERY
4150,DYLAN C. BROWN
4151,DEBALOY DEY
4152,GEORGE MILLER
4153,CALLIE KHOURI
4154,JIM MONACO
4155,CHUN WONG
4156,BEN PATTERSON
4157,AARON BURNS
4158,LUC VINCIGUERRA
4159,BENJAMIN REE
4160,AMAAN KHAN
4161,LI PEI-CHUAN
4162,SAMEER VIDWANS
4163,MICHAEL WINNICK
4164,KEANU REEVES
4165,BEN PALMER
4166,TATHAGATA BANERJEE
4167,JOHN UPCHURCH
4168,TOM O'BRIEN
4169,MICHAEL ROBERTS
4170,RAHAT KAZMI
4171,CLIVE TONGE
4172,NATHAN LANDEG
4173,PULKIT
4174,EVERARDO GOUT
4175,DAVID RAYNR
4176,DAVID BATTY
4177,DEEPIKA NARAYAN BHARDWAJ
4178,ERIC DRATH
4179,ERIC RADOMSKI
4180,SHEKHAR KAPUR
4181,UI-SEOK JO
4182,PABLO D'ALO ABBA
4183,SUDESH MANJREKAR
4184,ATUL KALE
4185,DANIEL NOAH
4186,PHILIP YUNG
4187,HASSAN HEGAZY
4188,SHADY ALI
4189,BOB HERCULES
4190,RITA COBURN WHACK
4191,SAMUEL D. POLLARD
4192,JESÚS MAGAÑA VÁZQUEZ
4193,NATHAN MORLANDO
4194,MINA SHUM
4195,JACEK KOPROWICZ
4196,PAUL BERCZELLER
4197,MARK RADICE
4198,BINU ULAHHANNAN
4199,BOB ODENKIRK
4200,SHIN-YEON WON
4201,JANET TOBIAS
4202,CLAUS WEHLISCH
4203,BARRY SONNENFELD
4204,JOHN BARNARD
4205,SANTOSH MANJREKAR
4206,BHARAT NALLURI
4207,GUS VAN SANT
4208,ANIL THOMAS
4209,GAVIN O'CONNOR
4210,KEIICHI HARA
4211,LIV ULLMANN
4212,KENNY YOUNG
4213,JENNIFER SIEBEL NEWSOM
4214,BARBARA KOPPLE
4215,JULIA HART
4216,DAVID FAIRHEAD
4217,DAVID BLAIR
4218,OSMAN ALI
4219,ANNA BODEN
4220,RYAN FLECK
4221,MUNISH BHARDWAJ
4222,TED GEOGHEGAN
4223,WILLIAM MONAHAN
4224,MARTIN ROSETE
4225,BRETT RATNER
4226,AHMED EL GENDY
4227,HOLGER TAPPE
4228,STEVE SACKS
4229,SYLVAIN BLAIS
4230,DUSTIN MCKENZIE
4231,VICTOR DAL CHELE
4232,ALFRED GIMENO
4233,MIKE FETTERLY
4234,DAN FRAGA
4235,AUDU PADEN
4236,RACHEL BELL
4237,BARRY JENKINS
4238,ANTOINE BARDOU-JACQUET
4239,JAMI
4240,CHAD HARTIGAN
4241,MICHAEL MAYER
4242,AVADHOOT GUPTE
4243,JENNIFER PEEDOM
4244,WILL GRAHAM
4245,JAMES DUFFY
4246,JONATHAN VAN TULLEKEN
4247,ELIZABETH BANKS
4248,PATRIK FORSBERG
4249,JAMES GUNN
4250,TOMER HEYMANN
4251,ANTHONY CHAN
4252,CRAIG GILLESPIE
4253,ALEXANDRE HEBOYAN
4254,BENOÎT PHILIPPON
4255,JAMES BOBIN
4256,LEWIS MILESTONE
4257,CAROL REED
4258,BRUCE MCDONALD
4259,WAYMON BOONE
4260,DASH SHAW
4261,NATHANIEL WARSH
4262,ALESSANDRO PEPE
4263,CLAUDE BARRAS
4264,JAYSON THIESSEN
4265,SIU-HUNG CHUNG
4266,NICK CASSAVETES
4267,ATSAJUN SATTAKOVIT
4268,SIMON CURTIS
4269,MOATAZ EL TONY
4270,SABU VARGHESE
4271,KRISHNA AGAZZI
4272,FILIPPO GASTALDI
4273,DENNIS BARTOK
4274,BEN BOWIE
4275,GEOFF LUCK
4276,HEIDI SAMAN
4277,NATALIA VALDEBENITO
4278,SONIA KENNEBECK
4279,GENE QUINTANO
4280,JON TURTELTAUB
4281,ROMAN ATWOOD
4282,BEN PLUIMER
4283,CHAD L. SCHEIFELE
4284,GEORGE STEVENS
4285,JOSH WEBBER
4286,ARUN VAIDYANATHAN
4287,JORDANA SPIRO
4288,KELLY REICHARDT
4289,ANTHONY BELL
4290,TIM MALTBY
4291,RICHARD FINN
4292,KIKI GOSHAY
4293,JACQUELINE MONETTA
4294,RUSHMORE DENOOYER
4295,MARTIN GORST
4296,GIULIA CLARK
4297,SARAH HOLT
4298,TERRI RANDALL
4299,DOUG HAMILTON
4300,PETER FISON
4301,GRAHAM TOWNSLEY
4302,PAULA APSELL
4303,KIRK WOLFINGER
4304,OLIVER TWINCH
4305,LLEWELLYN M. SMITH
4306,DANIEL MCCABE
4307,PETER YOST
4308,TOM STUBBERFIELD
4309,NOEL DOCKSTADER
4310,QUINN KANALY
4311,GAIL WILLUMSEN
4312,SACHA GERVASI
4313,LESLI LINKA GLATTER
4314,PETER PARDINI
4315,SAM TAYLOR-JOHNSON
4316,DANA DORON
4317,URIEL SINAI
4318,ENRICO BISI
4319,LARS VON TRIER
4320,MAT WHITECROSS
4321,JACQUES PERRIN
4322,JACQUES CLUZAUD
4323,LUKE SPARKE
4324,NACHO G. VELILLA
4325,SHAWN CRAHAN
4326,POJ ARNON
4327,CLARENCE YIU-LEUNG FOK
4328,HEITOR DHALIA
4329,PRADIP KURBAH
4330,CHARLIE LIGHTENING
4331,SIMON RUMLEY
4332,BANJONG PISANTHANAKUN
4333,MORGAN SPURLOCK
4334,TIM ROUHANA
4335,NOAH MOSKIN
4336,JASMINE D'SOUZA
4337,NICOLAS WINDING REFN
4338,BILL GUTTENTAG
4339,MICHAEL WARE
4340,JILL CULTON
4341,JOHN H. LEE
4342,LOGAN KIBENS
4343,CHIA TANG
4344,PETER MCDONNELL
4345,KIRAN NARAYANAN
4346,BEN C. LUCAS
4347,JAYARAJ RAJASEKHARAN NAIR
4348,MARK FRANCHETTI
4349,ANDREW MEIER
4350,ADAM COLLINS
4351,LUKE RADFORD
4352,PAUL SPURRIER
4353,CHANDRAN NARIKODE
4354,JORGE GRANIER
4355,PITI JATURAPHAT
4356,AMBER TAMBLYN
4357,ALEX LAW
4358,BHAGYARAJ
4359,REBECCA ADDELMAN
4360,OREN PELI
4361,GAFOOR Y. ELLIYAAS
4362,JENNIE LIVINGSTON
4363,KEVIN HOOKS
4364,DILEEP NARAYANAN
4365,PARITOSH PAINTER
4366,PAUL REUBENS
4367,WAYNE ORR
4368,MOHD KHAIRUL AZRI BIN MD NOOR
4369,MARK PALANSKY
4370,J.C. FALCÓN
4371,C.J. WALLIS
4372,JAMES FOLEY
4373,TONY STONE
4374,KARAN LALIT BUTANI
4375,JEAN-LOUP FELICIOLI
4376,ALAIN GAGNOL
4377,PAWEEN PURIKITPANYA
4378,SONGYOS SUGMAKANAN
4379,PARKPOOM WONGPOOM
4380,VISUTE POOLVORALAKS
4381,ABHISHEK SAXENA
4382,DANA NACHMAN
4383,DON HARDY JR.
4384,OSCAR MICHEAUX
4385,SPENCER WILLIAMS
4386,RICHARD E. NORMAN
4387,RICHARD MAURICE
4388,BRUNO STAGNARO
4389,CHRISTOPHE HONORÉ
4390,JEAN-SIMON CHARTIER
4391,WIM WENDERS
4392,GABE KLINGER
4393,STEVE MCLEAN
4394,CHARLIE HASKELL
4395,KOICHI SAKAMOTO
4396,JAMES BARR
4397,ASHISH R. SHUKLA
4398,JOSH ALEXANDER
4399,GREG YOUNG
4400,BHAVIK THAKORE
4401,STEPHEN CONE
4402,ANURAG SINGH
4403,LUIS PRIETO
4404,MICHAEL TOLAJIAN
4405,RICHARD CORRELL
4406,RAPHAEL ERICHSEN
4407,HARI VISWANATH
4408,MANISH GUPTA
4409,JEREMY COON
4410,TIM SKOUSEN
4411,DING SHENG
4412,BASU CHATTERJEE
4413,PHIL JOHNSTON
4414,RICH MOORE
4415,ERIC KHOO
4416,SANJAY DAYMA
4417,KIM SUNG-HOON
4418,GIRISH JOSHI
4419,AMIR MOHIUDDIN
4420,HUSAM EL-GOHARI
4421,NICHOLAS RAY
4422,MICHAEL JAMES REGAN
4423,CRAIG ANDERSON
4424,JOHN MILIUS
4425,AMITAVA BHATTACHARYA
4426,MARINA WILLER
4427,CLEMENTINE MALPAS
4428,LESLIE KNOTT
4429,ANDY CAPPER
4430,SHAMYL OTHMAN
4431,ALLEN COULTER
4432,RENÉ PÉREZ JOGLAR
4433,LINDA SAFFIRE
4434,ADAM SCHLESINGER
4435,VIJAY JAYAPAL
4436,ANDREW LOO
4437,JANI LACHAUER
4438,JAKOB SCHUH
4439,JON AVNET
4440,DEVAKI SINGH
4441,LUKE KENNY
4442,AMIT RAI
4443,PIERFRANCESCO DILIBERTO
4444,NICHOLAS WINTER
4445,SYLVESTER STALLONE
4446,NANCY SCHWARTZMAN
4447,MITCH DICKMAN
4448,LENNY ABRAHAMSON
4449,MATTHEW ATKINSON
4450,MAX LANG
4451,SHWETA BASU PRASAD
4452,ROMAN POLANSKI
4453,JOHN DAHL
4454,JAY CHANDRASEKHAR
4455,ATANU MUKHERJEE
4456,JEEVA
4457,DAVID L. CUNNINGHAM
4458,DHARMENDRA SURESH DESAI
4459,ALEX INFASCELLI
4460,RAMAN KUMAR
4461,HAKAN YONAT
4462,MICHAEL SEATER
4463,BALU MAHENDRA
4464,EHTESHAM UDDIN
4465,KIREET KHURANA
4466,SANJAY SOORKAR
4467,MOHAMED HAMDY
4468,PARTHA CHAKRABORTY
4469,K. GOPINATHAN
4470,BRUCE MACDONALD
4471,GABRIEL SABLOFF
4472,RAJEEV PATIL
4473,GLENN MILLER
4474,VENUGOPAN
4475,KAMAL SAHANI
4476,V. SCOTT BALCEREK
4477,RAJ N. SIPPY
4478,DAMON CARDASIS
4479,JEFFREY G. HUNT
4480,KEVAN PETERSON
4481,DINO RISI
4482,KEENEN IVORY WAYANS
4483,HIROSHI AOYAMA
4484,KAZUMI FUKUSHIMA
4485,JIM STENSTRUM
4486,EDGAR WRIGHT
4487,WES CRAVEN
4488,STEVEN ZAILLIAN
4489,MALIK BENDJELLOUL
4490,JAY CHOU
4491,BILLY RAY
4492,KASIA USCINSKA
4493,SUSANNAH WARD
4494,SAM TAPLIN
4495,VICKY MATTHEWS
4496,GARETH SACALA
4497,LOUISE WARDLE
4498,KENNETH MÜLLER
4499,MICHAEL PATRICK KING
4500,MAX MARTINI
4501,KRISHNA VAMSHI
4502,GURUDEV BHALLA
4503,SAMAR KHAN
4504,RAYMOND MCGRATH
4505,ADELE K. THOMAS
4506,RICHARD BAILEY
4507,JITENDRA TIWARI
4508,PRANAV SINGH
4509,DESTIN DANIEL CRETTON
4510,BARNEY CLAY
4511,ADARSH ESHWARAPPA
4512,FABIO GRASSADONIA
4513,ANTONIO PIAZZA
4514,VIVEK WAGH
4515,M.J. BASSETT
4516,JASON COHEN
4517,ANIL SHARMA
4518,ROBERT KOUBA
4519,DORIAN FERNÁNDEZ-MORIS
4520,GREGG BISHOP
4521,COREY GRANT
4522,EKACHAI UEKRONGTHAM
4523,FREDRIC LEAN
4524,COLIN STRAUSE
4525,GREG STRAUSE
4526,LESLYE HEADLAND
4527,JOE NUSSBAUM
4528,BILLY BOB THORNTON
4529,JOHN MACLEAN
4530,ALEX WINTER
4531,FRED OLEN RAY
4532,JONATHAN IGNATIUS GREEN
4533,IAN MACALLISTER-MCDONALD
4534,NANCY MEYERS
4535,JULIUS AVERY
4536,JEFFREY C. BELL
4537,DAVID ALLENSWORTH
4538,MONIÈRE
4539,REUBEN ATLAS
4540,SAM O'STEEN
4541,DAN HARRIS
4542,MARK SLOPER
4543,SAM RAIMI
4544,PETER RAMSEY
4545,RODNEY ROTHMAN
4546,BOB PERSICHETTI
4547,ANTHONY PALMER
4548,TOM MCCARTHY
4549,HARMONY KORINE
4550,STORM SAULTER
4551,CHRISTOPHER RAY
4552,ADAM ALLECA
4553,ALISON E. ROSE
4554,OLA FLYUM
4555,DAVID HEBDITCH
4556,AKIVA GOLDSMAN
4557,ARJUN GOURISARIA
4558,MOINAK BISWAS
4559,CHATCHAI KATENUT
4560,MANUSSA VORASINGHA
4561,TANWARIN SUKKHAPISIT
4562,JON J. WHELAN
4563,ALEX HOLMES
4564,RAJ B. SHETTY
4565,JAMES SWEENEY
4566,ROWAN ATHALE
4567,BAZ LUHRMANN
4568,ESTER GOULD
4569,REIJER ZWAAN
4570,ANDREW BERGMAN
4571,AFONSO POYART
4572,J.M. BERRIOS
4573,STEFANO SOLLIMA
4574,CHAYANOP BOONPRAKOB
4575,ZAKARIYA
4576,BENNY FREDMAN
4577,SAUL DIBB
4578,JOSEPH CROSS
4579,KASPER BARFOED
4580,PARTHO SEN-GUPTA
4581,KEVIN PHILLIPS
4582,GREG MOTTOLA
4583,GORDON PARKS
4584,BRYAN SINGER
4585,BRUCE MCCULLOCH
4586,MATTHEW COOKE
4587,ANTHONY CARONNA
4588,ALEXANDER SMITH
4589,MATT WECHSLER
4590,JAMIE M. DAGG
4591,DAN KWAN
4592,DANIEL SCHEINERT
4593,DEREK YEE
4594,NAVNEET BEHAL
4595,JULIEN SERI
4596,KEVIN LIMA
4597,BRIAN SMITH
4598,RYU JUNG-WOO
4599,SONIA LOWMAN
4600,JOHN CARCHIETTA
4601,MICHAEL PRESSMAN
4602,STEVE BARRON
4603,EINAR GABBASSOV
4604,NATALIA GARAGIOLA
4605,JEVONS AU
4606,ZUNE KWOK
4607,CHOW KWUN-WAI
4608,NG KA-LEUNG
4609,WONG FEI-PANG
4610,YANN ARTHUS-BERTRAND
4611,MICHAEL PITIOT
4612,DAMIEN LEONE
4613,SUKHBIR SINGH
4614,DHEERAJ BERRY
4615,MITZI VANESSA ARREOLA
4616,AMIR GALVAN CERVERA
4617,MATTHEW SHOYCHET
4618,PAMELA ROMANOWSKY
4619,GEOFF ANDERSON
4620,ESTEBAN SAPIR
4621,JEE-WOON KIM
4622,ANDREW DOUGLAS
4623,THUROP VAN ORMAN
4624,JOHN RICE
4625,DENIS HENNELLY
4626,CASEY SUCHAN
4627,JONATHAN SOBOL
4628,CHRISTIAN DUGUAY
4629,ANDRÉ ØVREDAL
4630,KURT VOELKER
4631,ELLIOT HEGARTY
4632,KEITH FULTON
4633,LOUIS PEPE
4634,BRIAN M. CONLEY
4635,NATHAN IVES
4636,JOHN FORD
4637,TOMMY AVALLONE
4638,ROLFE KANEFSKY
4639,PHILIPPE FALARDEAU
4640,KEVIN FORD
4641,SMRITI KESHARI
4642,ERIC SCHLOSSER
4643,ALBERT HUGHES
4644,ALLEN HUGHES
4645,OLIVIER LOUSTAU
4646,RICHARD KELLY
4647,WILLIAM BRENT BELL
4648,MARK HERMAN
4649,NEIL JORDAN
4650,KEN KUSHNER
4651,NORA TWOMEY
4652,STACY TITLE
4653,GRAHAM PHILLIPS
4654,PARKER PHILLIPS
4655,OFIR RAUL GRAIZER
4656,BUMPY
4657,ELLIOT SILVERSTEIN
4658,SEAN MENARD
4659,JON GUNN
4660,TAREK AL ERYAN
4661,CRAIG MOSS
4662,MAGDY AL-HAWWARY
4663,ANTONIO CHAVARRÍAS
4664,JOHN STEPHENSON
4665,MICHAEL BUSTER
4666,BOB NELSON
4667,ARI FOLMAN
4668,ANDREW FLEMING
4669,KIRK DE MICCO
4670,CHRIS SANDERS
4671,MAREK PIWOWSKI
4672,JARRAD PAUL
4673,ANDREW MOGEL
4674,SATISH MANWAR
4675,FRANK OZ
4676,TARIQ KHAN
4677,PETER MORTIMER
4678,JOSH LOWELL
4679,CECILIA ATÁN
4680,VALERIA PIVATO
4681,BLAIR HAYES
4682,WILLIAM FRIEDKIN
4683,STEPHANIE SOECHTIG
4684,JEREMY SEIFERT
4685,BETTE GORDON
4686,KIERAN DARCY-SMITH
4687,ROBERT BERLINGER
4688,PAUL ANDREW WILLIAMS
4689,JAMES PONSOLDT
4690,DAVID LEVEAUX
4691,MICHAEL SAMUELS
4692,JENÉE LAMARQUE
4693,COERTE VOORHEES
4694,JOHN VOORHEES
4695,RODRIGO VAN DER PUT
4696,HUGH WILSON
4697,MENG HUA HO
4698,PETER NICKS
4699,OLIVER FRAMPTON
4700,SCOTT WALKER
4701,MARIO MATTEI
4702,CODY STOKES
4703,DORON PAZ
4704,YOAV PAZ
4705,PAUL SHOULBERG
4706,KASRA FARAHANI
4707,MICHEL GONDRY
4708,MICHAEL G. KEHOE
4709,MICKEY LIDDELL
4710,PACO ARANGO
4711,MAYA GALLUS
4712,CHAD ARCHIBALD
4713,MARK COLUMBUS
4714,LAUREN HOEKSTRA
4715,SARAH KRUCHOWSKI
4716,RYAN MOODY
4717,SIMON SAVELYEV
4718,VANITA SHASTRY
4719,SHADAE LAMAR SMITH
4720,JEREMY DAVID WHITE
4721,DAMANI BAKER
4722,RUDRADEEP BHATTACHARJEE
4723,ROB W. KING
4724,ISAAC EZBAN
4725,PHILIP EINSTEIN LIPSKI
4726,JØRGEN LERDAM
4727,AMALIE NÆSBY FICK
4728,FEMI OYENIRAN
4729,KALVADOUR PETERSON
4730,NICKY SLIMTING WALKER
4731,MATTHEW ROBINSON
4732,PHYLLIDA LLOYD
4733,BENJAMIN COHEN
4734,NICOLAS COTTO
4735,ROBIN SWICORD
4736,KAREN MONCRIEFF
4737,ALEJANDRO AGRESTI
4738,TIMOTHY RECKART
4739,PIETER-JAN DE PUE
4740,GILLIAN ARMSTRONG
4741,MARK CRAIG
4742,DENNIS SCHOLL
4743,ROB SMAT
4744,BLAKE HARRIS
4745,CHRIS BOUCHARD
4746,BRIAN O'MALLEY
4747,JAY LYONS
4748,ROBERT ALDRICH
4749,FRED DURST
4750,JOSHUA OPPENHEIMER
4751,MARCO SCHNABEL
4752,ROBERT CANNAN
4753,ROSS ADAM
4754,STANISŁAW RÓŻEWICZ
4755,JOHNNY TO
4756,ROBERT TATE
4757,JOHN MIKULAK
4758,JOSHUA BROWN
4759,CHRISTOPHER LOREN EWERS
4760,ERIK EWERS
4761,PARK IN-JE
4762,WILLIAM WYLER
4763,GRANT HESLOV
4764,MADS MATTHIESEN
4765,JOHN BANAS
4766,MICHAEL RADFORD
4767,STUART HEISLER
4768,CARLY STONE
4769,STEFAN AUST
4770,DIRK LAABS
4771,JOE JOHNSTON
4772,JOHN DUIGAN
4773,BEN A. WILLIAMS
4774,MIMI LEDER
4775,ALAN J. PAKULA
4776,JEAN-PIERRE DEVILLERS
4777,STEPHEN CHBOSKY
4778,JOEL SCHUMACHER
4779,PEGGY HOLMES
4780,BRYAN BUCKLEY
4781,PETER LORD
4782,JEFF NEWITT
4783,KEERTHI
4784,ROBERT MCCALLUM
4785,CHAN-SANG LIM
4786,BRIAN A. MILLER
4787,MARTHA COOLIDGE
4788,RON CLEMENTS
4789,JOHN MUSKER
4790,NA HYEON
4791,JOHN PAPOLA
4792,GRANT KORGAN
4793,BRIAN NILES
4794,FRANCIS FORD COPPOLA
4795,MIRIAM CHANDY MENACHERRY
4796,KEVIN DEREK
4797,SHAINA ALLEN
4798,MARIAH MOORE
4799,MARSTON SAWYERS
4800,ALISON MACLEAN
4801,STEVE BARKER
4802,DEJAN ZEČEVIĆ
4803,HADI EL BAGOURY
4804,LONE SCHERFIG
4805,N.D. WILSON
4806,CURTIS HANSON
4807,CHRISTIAN E. CHRISTIANSEN
4808,BRUCE ROBINSON
4809,AUSTIN STARK
4810,KRISTIAN LEVRING
4811,STEPHEN AMEZDROZ
4812,GIANCARLO ESPOSITO
4813,WILLIAM EUBANK
4814,WILL EUBANK
4815,SUNIL SORAYA
4816,KRZYSZTOF ZANUSSI
4817,THOMAS MEADMORE
4818,KYLE PATRICK ALVAREZ
4819,STEVEN R. MONROE
4820,COSMO FEILDING-MELLEN
4821,STEPHAN RICK
4822,WILL LOCKHART
4823,COLE D. PRUITT
4824,TOBE HOOPER
4825,MOHAMMED EL-TAHAWY
4826,MOHAMED MOSTAFA
4827,LENA KHAN
4828,LEANNE GATER
4829,ROBERT SCHWENTKE
4830,BRENDAN MALLOY
4831,DAVID KOEPP
4832,BEN BREWER
4833,ALEX BREWER
4834,DAVID BRIGGS
4835,KEVIN DONOVAN
4836,JEAN-PIERRE DARDENNE
4837,LUC DARDENNE
4838,MARK NEVELDINE
4839,OSSAMA ABU EL ATTA
4840,RUSSELL CROWE
4841,JAY RUSSELL
4842,ROBERT EGGERS
4843,KYLE RANKIN
4844,NEIL RAWLES
4845,EMIL BEN-SHIMON
4846,LAURENT CANTET
4847,MICHAEL APTED
4848,VICTORIA BROMLEY
4849,GEORGE MENDELUK
4850,PETER FOOTT
4851,PETER SVATEK
4852,SAHEED ARAFATH
4853,CHARLOTTE ZWERIN
4854,DAVID SHISGALL
4855,DEREK HUI
4856,WIM BONTE
4857,RAAM REDDY
4858,BIN BUNLUERIT
4859,BENJAMIN ROSS
4860,STEPHEN HOPKINS
4861,JORDAN ROSS
4862,JOHN STURGES
4863,LI JUN
4864,STEVE LOTER
4865,SONNY MARLER
4866,EDWARD ELLIS
4867,FLOR SALCEDO
4868,AARON WOOLF
4869,BEEBAN KIDRON
4870,MICHAEL CUMMING
4871,KYOKO MIYAKE
4872,PHIL ROMAN
4873,ROGER SPOTTISWOODE
4874,BUDDHADEV DASGUPTA
4875,SUKUM MAETAWANITCH
4876,JEFFREY NACHMANOFF
4877,WALLY PFISTER
4878,RICHARD BATES JR.
4879,JON REINER
4880,BRAD ROTHSCHILD
4881,RON UNDERWOOD
4882,S.S. WILSON
4883,BRENT MADDOCK
4884,ADAM SMITH
4885,JITENDER PAWAR
4886,NICHOLAS ZEIG-OWENS
4887,SHAUL SCHWARZ
4888,CHRISTINA CLUSIAU
4889,TEKIN GIRGIN
4890,HENRY HATHAWAY
4891,PRESTON A. WHITMORE II
4892,HUGH STEWART
4893,ROY BOULTING
4894,ANTHONY VEILLER
4895,DAVID SOREN
4896,HIDETAKA INAZUKA
4897,BUZ WALLICK
4898,GARY YOUNG
4899,SUSAN LAMBERT
4900,STEFAN MOORE
4901,BENEDICT ANDREWS
4902,PAUL FEIG
4903,MICHAEL MAZZOLA
4904,CHRIS BURKARD
4905,JONATHAN GLAZER
4906,SANJAY PATEL
4907,SHERIF MANDOUR
4908,JASON REITMAN
4909,PRADEEP VERMA
4910,MARIO VAN PEEBLES
4911,ASHU TRIKHA
4912,AMANDA MICHELI
4913,GURINDER CHADHA
4914,BRANDON DICKERSON
4915,DAVID L.G. HUGHES
4916,HARVEY LILLEY
4917,GARY MICHAEL SCHULTZ
4918,P.T. KUNJU MUHAMMAD
4919,GANESH KADAM
4920,KUSHAL SRIVASTAVA
4921,ED LILLY
4922,BILAL LASHARI
4923,PARAM GILL
4924,ROB MCKITTRICK
4925,MARC FRANCIS
4926,MAX PUGH
4927,ALEX SMITH
4928,ANDREW J. SMITH
4929,PHILIP G. ATWELL
4930,FARAZ HAIDER
4931,JOHN MICHAEL MCDONAGH
4932,JACK ZAGHA KABABIE
4933,MARINA ZENOVICH
4934,TIFFANIE HSU
4935,MAX JOSEPH
4936,DAVID SERRANO
4937,JEREMIAH ZAGAR
4938,ANTONI KRAUZE
4939,CHI FAT CHAN
4940,ASHISH R. MOHAN
4941,STEPHEN DONNELLY
4942,OLLY REID
4943,JUN FALKENSTEIN
4944,ABEL FERRARA
4945,TREVOR RYAN
4946,MICHAEL FAHEY
4947,HUANG LEI
4948,REBECCA HARRISON
4949,JOSH MENDOZA
4950,RITU SARIN
4951,TENZING SONAM
4952,HEIDI BRANDENBURG
4953,MATHEW ORZEL
4954,MAREK KANIEVSKA
4955,PAUL RASCHID
4956,DREW STONE
4957,MILLA HARRISON-HANSLEY
4958,ALICKY SUSSMAN
4959,DHRUV DHAWAN
4960,ANATOLE LITVAK
4961,PAUL DANO
4962,MORGAN MATTHEWS
4963,MEL STUART
4964,PASCALE LAMCHE
4965,DEBRA GRANIK
4966,ZACH BRAFF
4967,THEO DAVIES
4968,ADRIAN MURRAY
4969,BART FREUNDLICH
4970,STORM THEUNISSEN
4971,DAVID GUY LEVY
4972,YASIR NAWAZ
4973,LAWRENCE KASDAN
4974,JOVANKA VUCKOVIC
4975,ANNIE CLARK
4976,ROXANNE BENJAMIN
4977,N. CHANDRA
4978,ABU BAKR SHAWKY
4979,CHRISTIAN DE VITA
4980,SARATSWADEE WONGSOMPHET
4981,KIRATI NAKINTANON
4982,MARK RISLEY
4983,JAMES BROWN
4984,IVONA JUKA
4985,MU CHU
4986,CHANDRA PRAKASH DWIVEDI
4987,MAJID AL ANSARI
4988,PETER HEWITT
4989,MOZEZ SINGH
