show_id,no_of_seasons
2,2 Seasons
3,1 Season
4,1 Season
5,2 Seasons
6,1 Season
9,9 Seasons
11,1 Season
12,1 Season
15,1 Season
16,4 Seasons
18,2 Seasons
20,1 Season
21,1 Season
22,5 Seasons
26,2 Seasons
32,1 Season
33,3 Seasons
34,1 Season
35,1 Season
38,1 Season
40,3 Seasons
41,1 Season
48,1 Season
50,2 Seasons
51,1 Season
56,6 Seasons
66,6 Seasons
67,1 Season
68,9 Seasons
70,1 Season
71,1 Season
73,5 Seasons
75,2 Seasons
77,1 Season
83,6 Seasons
84,1 Season
86,1 Season
88,2 Seasons
90,4 Seasons
93,2 Seasons
96,3 Seasons
98,2 Seasons
99,1 Season
100,1 Season
101,2 Seasons
103,1 Season
105,2 Seasons
107,5 Seasons
109,1 Season
110,5 Seasons
111,1 Season
112,1 Season
121,1 Season
122,1 Season
124,1 Season
125,3 Seasons
126,1 Season
133,1 Season
148,1 Season
149,1 Season
154,2 Seasons
155,3 Seasons
161,4 Seasons
166,1 Season
182,1 Season
185,1 Season
187,1 Season
188,1 Season
190,2 Seasons
194,1 Season
195,1 Season
198,1 Season
199,1 Season
213,2 Seasons
214,3 Seasons
219,1 Season
220,1 Season
221,4 Seasons
223,1 Season
224,1 Season
225,1 Season
226,1 Season
227,1 Season
233,3 Seasons
235,1 Season
242,3 Seasons
243,1 Season
244,1 Season
246,1 Season
249,1 Season
255,5 Seasons
261,1 Season
264,2 Seasons
266,1 Season
267,1 Season
270,2 Seasons
272,1 Season
273,5 Seasons
274,1 Season
275,7 Seasons
276,1 Season
277,2 Seasons
278,1 Season
281,1 Season
287,2 Seasons
288,1 Season
289,1 Season
290,1 Season
292,1 Season
297,1 Season
298,1 Season
310,3 Seasons
311,1 Season
312,2 Seasons
313,1 Season
314,1 Season
317,1 Season
320,1 Season
321,1 Season
322,1 Season
323,1 Season
324,7 Seasons
325,3 Seasons
332,1 Season
337,5 Seasons
339,6 Seasons
362,3 Seasons
365,1 Season
367,3 Seasons
369,1 Season
370,1 Season
371,2 Seasons
377,1 Season
380,1 Season
381,7 Seasons
382,1 Season
383,3 Seasons
386,3 Seasons
387,4 Seasons
389,1 Season
391,10 Seasons
392,4 Seasons
398,1 Season
400,1 Season
401,1 Season
402,2 Seasons
404,2 Seasons
426,5 Seasons
431,1 Season
432,1 Season
435,1 Season
436,1 Season
441,3 Seasons
443,1 Season
445,1 Season
454,2 Seasons
457,1 Season
460,2 Seasons
466,1 Season
467,1 Season
473,1 Season
478,4 Seasons
479,2 Seasons
483,1 Season
488,1 Season
489,3 Seasons
491,1 Season
494,1 Season
498,1 Season
500,2 Seasons
504,2 Seasons
505,1 Season
510,3 Seasons
511,2 Seasons
512,2 Seasons
513,4 Seasons
514,3 Seasons
515,5 Seasons
516,2 Seasons
517,2 Seasons
518,2 Seasons
520,2 Seasons
521,2 Seasons
522,5 Seasons
523,3 Seasons
524,3 Seasons
525,2 Seasons
526,8 Seasons
527,7 Seasons
528,2 Seasons
531,2 Seasons
533,3 Seasons
534,3 Seasons
536,2 Seasons
537,3 Seasons
538,6 Seasons
539,2 Seasons
540,2 Seasons
541,4 Seasons
544,2 Seasons
545,5 Seasons
546,3 Seasons
547,1 Season
548,1 Season
549,17 Seasons
550,1 Season
554,2 Seasons
566,1 Season
572,1 Season
578,1 Season
588,1 Season
589,1 Season
591,3 Seasons
618,1 Season
621,1 Season
622,1 Season
626,1 Season
627,1 Season
628,1 Season
629,4 Seasons
632,5 Seasons
638,1 Season
639,1 Season
640,1 Season
641,1 Season
643,2 Seasons
648,1 Season
649,2 Seasons
654,1 Season
658,2 Seasons
659,1 Season
660,1 Season
661,4 Seasons
662,4 Seasons
663,1 Season
664,1 Season
665,2 Seasons
666,2 Seasons
667,1 Season
668,6 Seasons
669,3 Seasons
670,5 Seasons
674,1 Season
675,2 Seasons
676,1 Season
677,4 Seasons
678,6 Seasons
679,1 Season
680,1 Season
681,1 Season
682,1 Season
683,1 Season
685,4 Seasons
687,2 Seasons
692,1 Season
693,1 Season
697,2 Seasons
698,1 Season
700,1 Season
701,1 Season
704,3 Seasons
707,1 Season
708,1 Season
710,3 Seasons
711,1 Season
714,1 Season
715,1 Season
716,1 Season
720,1 Season
721,2 Seasons
724,1 Season
726,1 Season
727,1 Season
732,2 Seasons
734,2 Seasons
735,2 Seasons
738,1 Season
745,1 Season
749,1 Season
750,2 Seasons
752,2 Seasons
754,1 Season
759,2 Seasons
762,1 Season
764,1 Season
768,1 Season
772,1 Season
773,2 Seasons
779,1 Season
781,2 Seasons
786,3 Seasons
790,6 Seasons
796,3 Seasons
804,1 Season
806,1 Season
814,1 Season
821,3 Seasons
826,2 Seasons
831,3 Seasons
832,2 Seasons
833,1 Season
834,1 Season
836,1 Season
838,2 Seasons
843,1 Season
844,3 Seasons
848,1 Season
849,3 Seasons
856,3 Seasons
858,2 Seasons
863,2 Seasons
869,1 Season
870,2 Seasons
875,1 Season
877,1 Season
880,1 Season
881,3 Seasons
884,2 Seasons
885,1 Season
887,1 Season
891,4 Seasons
897,1 Season
898,1 Season
901,1 Season
903,1 Season
909,1 Season
912,2 Seasons
919,1 Season
920,1 Season
921,2 Seasons
922,3 Seasons
924,2 Seasons
926,2 Seasons
928,2 Seasons
937,1 Season
958,1 Season
961,1 Season
964,2 Seasons
966,1 Season
968,1 Season
969,1 Season
973,1 Season
989,1 Season
994,1 Season
998,1 Season
1004,1 Season
1005,2 Seasons
1013,2 Seasons
1015,3 Seasons
1026,1 Season
1033,1 Season
1039,1 Season
1041,1 Season
1043,1 Season
1044,7 Seasons
1045,1 Season
1046,1 Season
1048,1 Season
1049,3 Seasons
1050,1 Season
1052,2 Seasons
1057,1 Season
1058,1 Season
1059,1 Season
1060,6 Seasons
1061,1 Season
1062,1 Season
1063,1 Season
1064,1 Season
1065,1 Season
1066,3 Seasons
1068,1 Season
1069,1 Season
1076,1 Season
1080,1 Season
1082,4 Seasons
1083,1 Season
1085,1 Season
1092,1 Season
1094,2 Seasons
1095,1 Season
1096,1 Season
1117,1 Season
1124,2 Seasons
1126,2 Seasons
1128,2 Seasons
1130,2 Seasons
1144,1 Season
1147,1 Season
1149,2 Seasons
1150,1 Season
1153,1 Season
1159,4 Seasons
1164,1 Season
1167,1 Season
1169,1 Season
1170,1 Season
1174,6 Seasons
1175,1 Season
1180,4 Seasons
1181,2 Seasons
1182,1 Season
1183,3 Seasons
1187,2 Seasons
1197,1 Season
1201,1 Season
1202,1 Season
1206,1 Season
1207,1 Season
1211,2 Seasons
1214,3 Seasons
1218,1 Season
1224,1 Season
1225,1 Season
1226,1 Season
1227,1 Season
1228,1 Season
1230,1 Season
1232,1 Season
1235,1 Season
1236,4 Seasons
1239,1 Season
1243,1 Season
1246,5 Seasons
1247,1 Season
1258,1 Season
1269,1 Season
1271,3 Seasons
1272,1 Season
1273,1 Season
1275,1 Season
1276,1 Season
1278,2 Seasons
1283,1 Season
1286,1 Season
1294,1 Season
1295,1 Season
1297,1 Season
1299,1 Season
1300,1 Season
1301,1 Season
1302,1 Season
1303,4 Seasons
1307,3 Seasons
1309,4 Seasons
1311,1 Season
1314,1 Season
1315,2 Seasons
1318,1 Season
1321,1 Season
1322,1 Season
1329,1 Season
1332,1 Season
1333,2 Seasons
1336,3 Seasons
1339,2 Seasons
1340,1 Season
1349,1 Season
1350,1 Season
1351,2 Seasons
1353,2 Seasons
1355,13 Seasons
1356,1 Season
1357,1 Season
1361,1 Season
1362,1 Season
1363,7 Seasons
1364,2 Seasons
1366,2 Seasons
1372,1 Season
1374,1 Season
1376,2 Seasons
1378,4 Seasons
1381,1 Season
1384,2 Seasons
1385,3 Seasons
1386,1 Season
1393,1 Season
1395,1 Season
1396,4 Seasons
1401,1 Season
1402,4 Seasons
1403,3 Seasons
1405,3 Seasons
1409,5 Seasons
1417,1 Season
1420,4 Seasons
1428,5 Seasons
1430,1 Season
1431,1 Season
1433,2 Seasons
1438,1 Season
1440,1 Season
1441,3 Seasons
1443,1 Season
1444,1 Season
1449,3 Seasons
1450,2 Seasons
1456,1 Season
1458,1 Season
1461,2 Seasons
1463,1 Season
1464,1 Season
1466,2 Seasons
1474,4 Seasons
1477,1 Season
1478,1 Season
1479,1 Season
1480,1 Season
1481,9 Seasons
1483,1 Season
1484,1 Season
1488,1 Season
1490,2 Seasons
1493,1 Season
1504,1 Season
1506,1 Season
1507,2 Seasons
1509,1 Season
1515,1 Season
1517,2 Seasons
1521,1 Season
1528,2 Seasons
1529,1 Season
1531,1 Season
1533,1 Season
1534,1 Season
1536,1 Season
1539,1 Season
1540,1 Season
1542,1 Season
1544,2 Seasons
1546,2 Seasons
1547,2 Seasons
1548,2 Seasons
1549,2 Seasons
1552,2 Seasons
1553,1 Season
1555,1 Season
1556,2 Seasons
1560,1 Season
1563,1 Season
1565,1 Season
1570,4 Seasons
1571,1 Season
1573,2 Seasons
1574,3 Seasons
1575,1 Season
1579,1 Season
1580,3 Seasons
1584,1 Season
1586,1 Season
1587,1 Season
1588,1 Season
1590,1 Season
1591,4 Seasons
1594,1 Season
1597,3 Seasons
1604,1 Season
1606,2 Seasons
1612,2 Seasons
1615,1 Season
1616,2 Seasons
1619,4 Seasons
1620,1 Season
1623,10 Seasons
1624,1 Season
1626,1 Season
1628,1 Season
1629,1 Season
1635,1 Season
1639,1 Season
1640,7 Seasons
1641,1 Season
1642,2 Seasons
1650,2 Seasons
1655,1 Season
1659,1 Season
1662,1 Season
1668,3 Seasons
1669,1 Season
1671,1 Season
1673,1 Season
1685,1 Season
1688,4 Seasons
1689,1 Season
1693,2 Seasons
1694,1 Season
1697,2 Seasons
1698,2 Seasons
1699,4 Seasons
1702,9 Seasons
1707,1 Season
1709,1 Season
1712,1 Season
1716,1 Season
1717,1 Season
1718,1 Season
1719,1 Season
1722,1 Season
1723,1 Season
1724,1 Season
1725,1 Season
1727,1 Season
1731,1 Season
1734,1 Season
1738,1 Season
1741,1 Season
1747,2 Seasons
1749,1 Season
1751,6 Seasons
1755,1 Season
1756,3 Seasons
1757,1 Season
1758,1 Season
1759,2 Seasons
1760,10 Seasons
1761,1 Season
1766,4 Seasons
1767,1 Season
1770,2 Seasons
1772,1 Season
1774,1 Season
1779,2 Seasons
1780,7 Seasons
1782,4 Seasons
1783,3 Seasons
1791,1 Season
1792,4 Seasons
1795,1 Season
1800,1 Season
1801,1 Season
1804,1 Season
1805,1 Season
1814,3 Seasons
1829,2 Seasons
1835,1 Season
1838,1 Season
1840,1 Season
1841,1 Season
1842,3 Seasons
1848,4 Seasons
1849,4 Seasons
1852,5 Seasons
1853,2 Seasons
1855,1 Season
1861,1 Season
1865,3 Seasons
1869,1 Season
1874,1 Season
1876,1 Season
1878,1 Season
1879,7 Seasons
1881,1 Season
1886,1 Season
1890,1 Season
1891,1 Season
1894,1 Season
1895,1 Season
1896,3 Seasons
1907,1 Season
1908,1 Season
1909,2 Seasons
1911,1 Season
1915,1 Season
1916,1 Season
1918,1 Season
1919,3 Seasons
1923,5 Seasons
1924,1 Season
1926,1 Season
1929,3 Seasons
1930,4 Seasons
1934,8 Seasons
1948,1 Season
1949,4 Seasons
1950,4 Seasons
1952,1 Season
1953,3 Seasons
1955,1 Season
1956,1 Season
1959,4 Seasons
1962,1 Season
1974,1 Season
1979,1 Season
1980,1 Season
1981,7 Seasons
1984,1 Season
1989,1 Season
1990,3 Seasons
1991,1 Season
1992,2 Seasons
1994,2 Seasons
1995,1 Season
1999,9 Seasons
2003,2 Seasons
2007,2 Seasons
2009,2 Seasons
2010,8 Seasons
2013,1 Season
2014,1 Season
2022,5 Seasons
2023,1 Season
2033,1 Season
2034,1 Season
2038,1 Season
2041,2 Seasons
2043,1 Season
2045,1 Season
2048,2 Seasons
2054,1 Season
2055,1 Season
2059,1 Season
2063,2 Seasons
2064,1 Season
2065,3 Seasons
2067,1 Season
2069,1 Season
2070,4 Seasons
2071,1 Season
2074,6 Seasons
2079,1 Season
2081,2 Seasons
2086,1 Season
2087,1 Season
2090,3 Seasons
2094,1 Season
2097,1 Season
2099,1 Season
2100,2 Seasons
2102,1 Season
2103,1 Season
2106,1 Season
2107,3 Seasons
2109,1 Season
2113,1 Season
2114,1 Season
2119,2 Seasons
2123,2 Seasons
2124,1 Season
2125,5 Seasons
2126,2 Seasons
2128,4 Seasons
2134,1 Season
2135,1 Season
2136,4 Seasons
2137,1 Season
2141,1 Season
2145,1 Season
2146,2 Seasons
2149,1 Season
2152,3 Seasons
2153,3 Seasons
2154,1 Season
2157,1 Season
2158,1 Season
2159,1 Season
2161,5 Seasons
2163,3 Seasons
2166,1 Season
2169,1 Season
2171,1 Season
2174,6 Seasons
2175,1 Season
2176,1 Season
2179,1 Season
2181,1 Season
2182,2 Seasons
2185,1 Season
2190,3 Seasons
2191,2 Seasons
2193,1 Season
2195,1 Season
2202,5 Seasons
2204,10 Seasons
2213,1 Season
2215,1 Season
2218,1 Season
2219,3 Seasons
2223,1 Season
2224,1 Season
2226,1 Season
2227,1 Season
2228,1 Season
2230,2 Seasons
2231,1 Season
2236,1 Season
2238,1 Season
2239,2 Seasons
2242,1 Season
2246,1 Season
2247,1 Season
2250,1 Season
2252,1 Season
2254,1 Season
2255,4 Seasons
2256,1 Season
2259,1 Season
2276,1 Season
2293,2 Seasons
2294,6 Seasons
2298,1 Season
2299,1 Season
2300,1 Season
2302,1 Season
2304,1 Season
2306,1 Season
2307,1 Season
2308,1 Season
2314,1 Season
2319,1 Season
2321,1 Season
2323,1 Season
2328,3 Seasons
2330,1 Season
2332,1 Season
2338,1 Season
2344,1 Season
2347,2 Seasons
2350,1 Season
2353,2 Seasons
2358,1 Season
2360,2 Seasons
2363,2 Seasons
2379,2 Seasons
2384,2 Seasons
2389,4 Seasons
2391,6 Seasons
2395,2 Seasons
2396,4 Seasons
2397,1 Season
2400,4 Seasons
2401,1 Season
2402,1 Season
2405,1 Season
2406,5 Seasons
2407,1 Season
2409,1 Season
2410,1 Season
2416,4 Seasons
2418,4 Seasons
2423,5 Seasons
2424,15 Seasons
2427,3 Seasons
2433,1 Season
2445,2 Seasons
2448,1 Season
2450,1 Season
2451,3 Seasons
2453,1 Season
2454,1 Season
2460,1 Season
2462,2 Seasons
2463,1 Season
2467,4 Seasons
2471,5 Seasons
2473,1 Season
2474,3 Seasons
2477,1 Season
2481,2 Seasons
2487,1 Season
2496,1 Season
2500,1 Season
2508,1 Season
2509,1 Season
2515,1 Season
2516,6 Seasons
2518,1 Season
2519,1 Season
2520,3 Seasons
2523,1 Season
2524,6 Seasons
2525,3 Seasons
2526,1 Season
2527,5 Seasons
2528,1 Season
2529,1 Season
2530,2 Seasons
2531,1 Season
2543,1 Season
2547,3 Seasons
2549,1 Season
2552,2 Seasons
2553,2 Seasons
2554,1 Season
2555,2 Seasons
2558,2 Seasons
2566,1 Season
2569,1 Season
2570,1 Season
2575,1 Season
2576,1 Season
2581,1 Season
2584,4 Seasons
2586,3 Seasons
2587,1 Season
2589,1 Season
2591,1 Season
2599,1 Season
2600,7 Seasons
2601,5 Seasons
2603,1 Season
2604,1 Season
2607,1 Season
2610,1 Season
2612,2 Seasons
2628,1 Season
2629,4 Seasons
2632,1 Season
2640,1 Season
2641,2 Seasons
2642,1 Season
2644,1 Season
2646,1 Season
2649,3 Seasons
2652,1 Season
2658,1 Season
2659,5 Seasons
2660,1 Season
2661,1 Season
2662,1 Season
2663,1 Season
2665,1 Season
2666,1 Season
2667,1 Season
2670,2 Seasons
2671,1 Season
2676,2 Seasons
2677,3 Seasons
2685,1 Season
2692,1 Season
2697,1 Season
2699,2 Seasons
2700,1 Season
2709,2 Seasons
2711,2 Seasons
2719,6 Seasons
2728,1 Season
2737,3 Seasons
2740,3 Seasons
2741,6 Seasons
2743,2 Seasons
2744,1 Season
2747,3 Seasons
2749,2 Seasons
2752,1 Season
2753,1 Season
2760,1 Season
2762,1 Season
2765,2 Seasons
2766,1 Season
2768,3 Seasons
2773,1 Season
2775,2 Seasons
2778,1 Season
2784,1 Season
2785,1 Season
2786,2 Seasons
2788,2 Seasons
2789,2 Seasons
2791,4 Seasons
2792,1 Season
2793,1 Season
2794,1 Season
2795,1 Season
2796,1 Season
2798,1 Season
2803,1 Season
2805,1 Season
2808,1 Season
2809,1 Season
2814,1 Season
2817,1 Season
2819,1 Season
2822,2 Seasons
2825,1 Season
2826,2 Seasons
2827,3 Seasons
2828,1 Season
2839,2 Seasons
2842,1 Season
2847,4 Seasons
2855,1 Season
2856,3 Seasons
2858,1 Season
2869,2 Seasons
2871,1 Season
2872,1 Season
2873,1 Season
2875,2 Seasons
2876,1 Season
2878,1 Season
2881,1 Season
2884,1 Season
2889,1 Season
2891,1 Season
2892,1 Season
2893,1 Season
2894,1 Season
2895,1 Season
2901,1 Season
2903,1 Season
2907,1 Season
2911,1 Season
2918,1 Season
2921,1 Season
2922,2 Seasons
2923,1 Season
2924,1 Season
2927,2 Seasons
2932,4 Seasons
2938,2 Seasons
2939,2 Seasons
2942,1 Season
2943,1 Season
2945,1 Season
2946,1 Season
2948,8 Seasons
2949,1 Season
2954,3 Seasons
2959,1 Season
2960,1 Season
2963,5 Seasons
2966,1 Season
2967,1 Season
2968,1 Season
2972,2 Seasons
2975,1 Season
2977,2 Seasons
2978,1 Season
2980,1 Season
2981,1 Season
2983,1 Season
2984,1 Season
2985,1 Season
2992,1 Season
2993,2 Seasons
2994,1 Season
2995,8 Seasons
2998,1 Season
2999,2 Seasons
3000,1 Season
3001,1 Season
3002,1 Season
3006,1 Season
3011,1 Season
3012,4 Seasons
3013,1 Season
3014,2 Seasons
3016,1 Season
3021,1 Season
3025,1 Season
3029,1 Season
3031,1 Season
3034,1 Season
3035,1 Season
3036,4 Seasons
3037,1 Season
3038,1 Season
3040,2 Seasons
3041,1 Season
3043,1 Season
3046,1 Season
3048,3 Seasons
3050,1 Season
3051,1 Season
3053,1 Season
3054,1 Season
3056,1 Season
3057,1 Season
3064,1 Season
3066,1 Season
3067,2 Seasons
3068,1 Season
3072,1 Season
3075,1 Season
3076,1 Season
3077,1 Season
3080,1 Season
3083,3 Seasons
3084,1 Season
3085,1 Season
3086,2 Seasons
3087,2 Seasons
3088,1 Season
3089,1 Season
3093,1 Season
3096,1 Season
3097,2 Seasons
3104,2 Seasons
3107,2 Seasons
3109,6 Seasons
3112,1 Season
3118,1 Season
3120,1 Season
3121,2 Seasons
3122,1 Season
3123,1 Season
3128,1 Season
3129,2 Seasons
3130,1 Season
3131,1 Season
3138,1 Season
3147,2 Seasons
3149,3 Seasons
3166,1 Season
3169,5 Seasons
3174,1 Season
3175,2 Seasons
3176,1 Season
3177,1 Season
3178,1 Season
3183,1 Season
3184,2 Seasons
3185,1 Season
3186,1 Season
3188,1 Season
3193,4 Seasons
3200,2 Seasons
3205,1 Season
3209,2 Seasons
3213,2 Seasons
3217,1 Season
3220,1 Season
3221,1 Season
3222,1 Season
3223,1 Season
3231,2 Seasons
3233,1 Season
3237,1 Season
3239,1 Season
3242,2 Seasons
3243,1 Season
3244,1 Season
3246,1 Season
3247,3 Seasons
3248,8 Seasons
3250,1 Season
3253,1 Season
3256,1 Season
3258,1 Season
3259,1 Season
3264,1 Season
3270,1 Season
3271,1 Season
3272,2 Seasons
3275,1 Season
3276,2 Seasons
3277,1 Season
3278,1 Season
3280,1 Season
3282,1 Season
3283,3 Seasons
3284,2 Seasons
3285,1 Season
3287,1 Season
3288,1 Season
3289,2 Seasons
3292,1 Season
3294,3 Seasons
3295,1 Season
3296,1 Season
3299,2 Seasons
3302,1 Season
3305,2 Seasons
3307,2 Seasons
3311,3 Seasons
3314,1 Season
3317,1 Season
3326,3 Seasons
3328,1 Season
3329,1 Season
3331,4 Seasons
3334,2 Seasons
3337,2 Seasons
3340,2 Seasons
3341,1 Season
3342,2 Seasons
3343,1 Season
3345,2 Seasons
3346,3 Seasons
3352,1 Season
3353,1 Season
3356,2 Seasons
3357,1 Season
3358,1 Season
3359,1 Season
3361,1 Season
3362,1 Season
3364,1 Season
3368,1 Season
3369,1 Season
3370,6 Seasons
3371,1 Season
3374,1 Season
3376,1 Season
3378,1 Season
3379,1 Season
3382,1 Season
3383,1 Season
3386,1 Season
3394,1 Season
3401,1 Season
3402,2 Seasons
3404,1 Season
3405,1 Season
3407,2 Seasons
3411,2 Seasons
3415,2 Seasons
3416,1 Season
3417,1 Season
3421,1 Season
3424,1 Season
3427,1 Season
3431,2 Seasons
3434,2 Seasons
3436,1 Season
3438,1 Season
3441,1 Season
3445,1 Season
3446,1 Season
3450,2 Seasons
3453,5 Seasons
3454,1 Season
3455,2 Seasons
3456,3 Seasons
3458,1 Season
3459,1 Season
3462,1 Season
3463,1 Season
3464,1 Season
3465,1 Season
3467,1 Season
3468,1 Season
3471,1 Season
3474,1 Season
3475,1 Season
3478,5 Seasons
3482,1 Season
3484,3 Seasons
3489,1 Season
3490,2 Seasons
3492,3 Seasons
3500,1 Season
3502,1 Season
3503,1 Season
3504,1 Season
3505,2 Seasons
3506,1 Season
3507,1 Season
3511,1 Season
3516,1 Season
3520,1 Season
3522,1 Season
3525,1 Season
3526,1 Season
3527,1 Season
3528,1 Season
3535,1 Season
3540,1 Season
3541,3 Seasons
3542,9 Seasons
3544,1 Season
3547,1 Season
3551,1 Season
3552,1 Season
3553,1 Season
3554,3 Seasons
3559,2 Seasons
3562,3 Seasons
3563,2 Seasons
3572,1 Season
3576,1 Season
3577,1 Season
3578,1 Season
3579,1 Season
3580,1 Season
3582,2 Seasons
3586,1 Season
3588,1 Season
3589,1 Season
3590,2 Seasons
3591,1 Season
3593,1 Season
3598,2 Seasons
3599,1 Season
3601,3 Seasons
3602,5 Seasons
3605,1 Season
3606,1 Season
3607,1 Season
3608,1 Season
3609,5 Seasons
3610,1 Season
3611,1 Season
3612,1 Season
3613,1 Season
3614,1 Season
3615,1 Season
3616,1 Season
3625,2 Seasons
3628,1 Season
3633,1 Season
3634,2 Seasons
3637,1 Season
3641,2 Seasons
3643,1 Season
3645,3 Seasons
3652,1 Season
3654,6 Seasons
3655,3 Seasons
3656,1 Season
3657,1 Season
3660,3 Seasons
3661,1 Season
3664,1 Season
3665,1 Season
3666,1 Season
3667,1 Season
3668,2 Seasons
3670,3 Seasons
3672,1 Season
3674,1 Season
3675,1 Season
3678,1 Season
3681,3 Seasons
3683,1 Season
3685,2 Seasons
3686,3 Seasons
3687,1 Season
3688,2 Seasons
3689,1 Season
3690,1 Season
3691,1 Season
3692,1 Season
3693,2 Seasons
3695,1 Season
3696,1 Season
3697,1 Season
3701,2 Seasons
3703,3 Seasons
3705,1 Season
3706,2 Seasons
3708,2 Seasons
3709,3 Seasons
3711,1 Season
3717,2 Seasons
3720,1 Season
3722,2 Seasons
3723,2 Seasons
3724,2 Seasons
3725,1 Season
3726,3 Seasons
3727,2 Seasons
3728,2 Seasons
3737,2 Seasons
3738,1 Season
3742,1 Season
3743,1 Season
3744,1 Season
3745,1 Season
3746,1 Season
3747,2 Seasons
3749,2 Seasons
3750,5 Seasons
3751,1 Season
3752,2 Seasons
3753,3 Seasons
3755,1 Season
3756,1 Season
3761,1 Season
3763,3 Seasons
3770,1 Season
3771,1 Season
3775,5 Seasons
3779,3 Seasons
3780,1 Season
3781,1 Season
3783,1 Season
3785,2 Seasons
3788,2 Seasons
3790,1 Season
3793,1 Season
3795,1 Season
3797,1 Season
3800,2 Seasons
3802,1 Season
3807,2 Seasons
3808,2 Seasons
3809,1 Season
3813,1 Season
3818,2 Seasons
3822,1 Season
3824,1 Season
3825,1 Season
3827,1 Season
3832,1 Season
3836,3 Seasons
3838,1 Season
3839,2 Seasons
3840,1 Season
3841,1 Season
3844,1 Season
3845,1 Season
3846,1 Season
3847,1 Season
3848,1 Season
3849,1 Season
3850,1 Season
3851,1 Season
3852,1 Season
3853,1 Season
3854,1 Season
3855,1 Season
3856,1 Season
3857,1 Season
3861,1 Season
3862,2 Seasons
3865,1 Season
3868,1 Season
3871,2 Seasons
3877,1 Season
3879,1 Season
3880,1 Season
3881,1 Season
3882,1 Season
3883,1 Season
3884,1 Season
3885,3 Seasons
3887,5 Seasons
3888,1 Season
3893,1 Season
3894,1 Season
3898,1 Season
3899,1 Season
3901,1 Season
3902,1 Season
3903,2 Seasons
3921,4 Seasons
3926,1 Season
3928,7 Seasons
3929,1 Season
3932,1 Season
3935,1 Season
3937,3 Seasons
3938,2 Seasons
3939,1 Season
3941,1 Season
3942,1 Season
3943,3 Seasons
3944,8 Seasons
3945,1 Season
3947,1 Season
3950,1 Season
3954,1 Season
3957,1 Season
3959,1 Season
3962,1 Season
3965,1 Season
3966,3 Seasons
3969,1 Season
3970,1 Season
3971,3 Seasons
3972,2 Seasons
3977,1 Season
3980,1 Season
3981,1 Season
3982,1 Season
3985,1 Season
3987,2 Seasons
3989,1 Season
3990,1 Season
3997,1 Season
3999,1 Season
4002,1 Season
4007,1 Season
4013,1 Season
4015,2 Seasons
4016,1 Season
4017,1 Season
4023,1 Season
4024,1 Season
4027,1 Season
4028,1 Season
4029,3 Seasons
4030,1 Season
4031,1 Season
4033,1 Season
4036,1 Season
4043,1 Season
4044,2 Seasons
4045,1 Season
4055,1 Season
4056,2 Seasons
4057,1 Season
4058,1 Season
4064,3 Seasons
4080,1 Season
4085,6 Seasons
4090,2 Seasons
4091,2 Seasons
4105,1 Season
4106,1 Season
4110,1 Season
4112,1 Season
4115,3 Seasons
4117,2 Seasons
4119,1 Season
4120,2 Seasons
4123,3 Seasons
4126,1 Season
4127,1 Season
4128,1 Season
4130,1 Season
4131,1 Season
4132,1 Season
4133,1 Season
4142,2 Seasons
4143,1 Season
4144,1 Season
4145,1 Season
4150,1 Season
4163,1 Season
4164,5 Seasons
4167,1 Season
4168,4 Seasons
4169,1 Season
4172,1 Season
4173,1 Season
4175,1 Season
4179,2 Seasons
4180,1 Season
4184,3 Seasons
4185,1 Season
4190,1 Season
4197,1 Season
4200,1 Season
4201,2 Seasons
4202,4 Seasons
4203,2 Seasons
4207,4 Seasons
4208,1 Season
4216,1 Season
4217,1 Season
4219,3 Seasons
4221,13 Seasons
4227,2 Seasons
4228,1 Season
4251,1 Season
4252,1 Season
4255,1 Season
4257,1 Season
4258,1 Season
4261,1 Season
4262,1 Season
4263,1 Season
4264,1 Season
4265,5 Seasons
4266,1 Season
4267,1 Season
4270,1 Season
4271,2 Seasons
4272,1 Season
4273,1 Season
4274,1 Season
4275,1 Season
4277,1 Season
4280,2 Seasons
4285,1 Season
4289,1 Season
4291,1 Season
4297,2 Seasons
4305,1 Season
4306,1 Season
4308,1 Season
4309,1 Season
4310,1 Season
4311,3 Seasons
4312,8 Seasons
4313,1 Season
4317,1 Season
4321,2 Seasons
4322,1 Season
4327,2 Seasons
4328,1 Season
4341,1 Season
4351,1 Season
4354,1 Season
4357,1 Season
4360,2 Seasons
4363,1 Season
4364,1 Season
4366,3 Seasons
4367,1 Season
4368,2 Seasons
4369,2 Seasons
4372,1 Season
4373,1 Season
4377,1 Season
4380,1 Season
4381,1 Season
4382,1 Season
4385,2 Seasons
4388,1 Season
4390,1 Season
4400,1 Season
4401,1 Season
4404,1 Season
4406,1 Season
4407,1 Season
4408,2 Seasons
4409,1 Season
4410,1 Season
4411,1 Season
4414,7 Seasons
4416,1 Season
4431,2 Seasons
4437,3 Seasons
4462,1 Season
4470,2 Seasons
4477,1 Season
4479,1 Season
4480,2 Seasons
4484,1 Season
4486,3 Seasons
4488,1 Season
4489,1 Season
4490,1 Season
4495,2 Seasons
4496,3 Seasons
4499,4 Seasons
4502,1 Season
4504,2 Seasons
4505,5 Seasons
4509,1 Season
4512,2 Seasons
4515,1 Season
4518,1 Season
4519,1 Season
4521,1 Season
4522,1 Season
4524,1 Season
4528,4 Seasons
4530,1 Season
4531,1 Season
4532,1 Season
4536,1 Season
4537,1 Season
4543,1 Season
4550,1 Season
4551,1 Season
4552,4 Seasons
4554,1 Season
4571,1 Season
4605,1 Season
4609,1 Season
4622,1 Season
4623,2 Seasons
4624,3 Seasons
4628,1 Season
4629,1 Season
4630,1 Season
4633,1 Season
4634,1 Season
4635,1 Season
4636,1 Season
4637,2 Seasons
4638,1 Season
4639,2 Seasons
4640,1 Season
4641,1 Season
4644,1 Season
4646,1 Season
4648,1 Season
4649,1 Season
4651,2 Seasons
4652,1 Season
4653,1 Season
4655,1 Season
4656,2 Seasons
4659,2 Seasons
4663,1 Season
4664,3 Seasons
4665,1 Season
4671,1 Season
4673,1 Season
4674,1 Season
4675,2 Seasons
4677,3 Seasons
4678,3 Seasons
4679,1 Season
4683,1 Season
4686,1 Season
4688,1 Season
4690,1 Season
4697,1 Season
4703,1 Season
4704,1 Season
4705,1 Season
4710,5 Seasons
4711,1 Season
4712,1 Season
4717,1 Season
4718,3 Seasons
4739,1 Season
4742,1 Season
4743,1 Season
4744,2 Seasons
4745,2 Seasons
4748,6 Seasons
4751,3 Seasons
4753,1 Season
4755,1 Season
4759,1 Season
4760,1 Season
4763,4 Seasons
4764,1 Season
4765,2 Seasons
4768,1 Season
4772,2 Seasons
4773,1 Season
4777,2 Seasons
4778,2 Seasons
4779,2 Seasons
4780,1 Season
4781,2 Seasons
4799,15 Seasons
4805,1 Season
4808,1 Season
4810,1 Season
4814,1 Season
4816,1 Season
4819,1 Season
4822,2 Seasons
4825,1 Season
4832,1 Season
4833,1 Season
4837,1 Season
4838,4 Seasons
4839,2 Seasons
4842,1 Season
4845,4 Seasons
4846,5 Seasons
4847,1 Season
4849,1 Season
4853,3 Seasons
4854,1 Season
4857,1 Season
4858,4 Seasons
4863,1 Season
4866,3 Seasons
4868,1 Season
4870,1 Season
4875,1 Season
4880,2 Seasons
4899,1 Season
4901,1 Season
4904,1 Season
4907,1 Season
4909,2 Seasons
4911,1 Season
4914,1 Season
4915,1 Season
4925,1 Season
4926,1 Season
4927,1 Season
4931,2 Seasons
4934,1 Season
4942,1 Season
4943,3 Seasons
4947,7 Seasons
4950,1 Season
4952,1 Season
4958,2 Seasons
4962,1 Season
4965,12 Seasons
4968,1 Season
4969,1 Season
4974,1 Season
4977,2 Seasons
4979,1 Season
4981,1 Season
4985,1 Season
4986,1 Season
4989,1 Season
4992,1 Season
4993,1 Season
4995,1 Season
4998,1 Season
5001,1 Season
5005,1 Season
5027,1 Season
5028,2 Seasons
5030,1 Season
5031,1 Season
5033,2 Seasons
5036,6 Seasons
5037,1 Season
5039,1 Season
5047,1 Season
5049,1 Season
5055,8 Seasons
5058,1 Season
5064,6 Seasons
5066,1 Season
5070,2 Seasons
5071,1 Season
5076,1 Season
5078,1 Season
5083,2 Seasons
5090,1 Season
5091,5 Seasons
5093,1 Season
5096,1 Season
5097,5 Seasons
5098,3 Seasons
5099,1 Season
5100,1 Season
5101,1 Season
5104,1 Season
5106,1 Season
5110,1 Season
5112,1 Season
5113,1 Season
5119,1 Season
5120,2 Seasons
5121,1 Season
5126,1 Season
5127,4 Seasons
5129,1 Season
5139,5 Seasons
5140,1 Season
5142,1 Season
5145,1 Season
5146,1 Season
5148,4 Seasons
5150,4 Seasons
5151,3 Seasons
5155,1 Season
5156,1 Season
5157,1 Season
5158,1 Season
5160,1 Season
5166,6 Seasons
5167,3 Seasons
5169,1 Season
5170,1 Season
5171,1 Season
5174,1 Season
5175,2 Seasons
5176,2 Seasons
5179,2 Seasons
5181,6 Seasons
5185,1 Season
5186,1 Season
5192,1 Season
5193,1 Season
5194,1 Season
5195,1 Season
5196,1 Season
5201,1 Season
5206,1 Season
5207,3 Seasons
5209,2 Seasons
5211,1 Season
5216,1 Season
5217,1 Season
5220,1 Season
5222,6 Seasons
5232,1 Season
5233,2 Seasons
5237,1 Season
5238,1 Season
5243,1 Season
5244,2 Seasons
5245,4 Seasons
5246,7 Seasons
5247,1 Season
5248,1 Season
5251,1 Season
5252,1 Season
5255,1 Season
5258,1 Season
5259,2 Seasons
5260,1 Season
5263,4 Seasons
5264,3 Seasons
5273,2 Seasons
5275,7 Seasons
5279,1 Season
5281,1 Season
5285,1 Season
5286,4 Seasons
5287,1 Season
5288,8 Seasons
5289,1 Season
5290,1 Season
5298,1 Season
5299,1 Season
5300,1 Season
5302,1 Season
5306,3 Seasons
5321,5 Seasons
5322,1 Season
5325,1 Season
5328,1 Season
5346,1 Season
5348,1 Season
5349,1 Season
5350,1 Season
5351,1 Season
5353,1 Season
5355,1 Season
5356,1 Season
5357,1 Season
5361,1 Season
5363,1 Season
5364,5 Seasons
5366,2 Seasons
5367,1 Season
5368,1 Season
5373,1 Season
5381,4 Seasons
5382,4 Seasons
5383,1 Season
5384,1 Season
5385,1 Season
5387,1 Season
5389,1 Season
5391,1 Season
5393,1 Season
5394,1 Season
5396,3 Seasons
5398,1 Season
5400,1 Season
5402,1 Season
5404,1 Season
5405,1 Season
5406,1 Season
5407,2 Seasons
5408,1 Season
5410,1 Season
5411,1 Season
5413,12 Seasons
5414,1 Season
5415,2 Seasons
5422,5 Seasons
5423,2 Seasons
5426,2 Seasons
5429,2 Seasons
5434,1 Season
5435,1 Season
5436,1 Season
5437,1 Season
5438,1 Season
5439,1 Season
5440,1 Season
5445,1 Season
5446,2 Seasons
5458,1 Season
5459,1 Season
5460,3 Seasons
5465,1 Season
5466,1 Season
5471,3 Seasons
5478,1 Season
5480,1 Season
5489,1 Season
5495,3 Seasons
5510,1 Season
5511,1 Season
5514,1 Season
5515,2 Seasons
5520,1 Season
5521,1 Season
5522,1 Season
5524,4 Seasons
5538,1 Season
5539,2 Seasons
5543,1 Season
5555,1 Season
5556,2 Seasons
5559,2 Seasons
5563,1 Season
5564,1 Season
5567,1 Season
5568,3 Seasons
5570,1 Season
5576,1 Season
5579,1 Season
5581,1 Season
5584,1 Season
5586,1 Season
5592,1 Season
5593,1 Season
5594,3 Seasons
5599,1 Season
5602,1 Season
5604,1 Season
5609,1 Season
5610,1 Season
5641,1 Season
5651,7 Seasons
5654,1 Season
5655,2 Seasons
5656,1 Season
5659,2 Seasons
5663,1 Season
5666,1 Season
5668,1 Season
5669,1 Season
5670,1 Season
5671,1 Season
5672,1 Season
5673,2 Seasons
5674,1 Season
5675,5 Seasons
5676,1 Season
5678,1 Season
5681,1 Season
5684,1 Season
5685,1 Season
5687,1 Season
5691,3 Seasons
5693,2 Seasons
5700,1 Season
5701,1 Season
5704,1 Season
5708,1 Season
5716,1 Season
5717,1 Season
5721,1 Season
5723,1 Season
5724,2 Seasons
5728,1 Season
5729,1 Season
5730,1 Season
5731,1 Season
5732,1 Season
5733,1 Season
5742,1 Season
5745,1 Season
5752,1 Season
5753,1 Season
5754,2 Seasons
5760,1 Season
5763,1 Season
5764,1 Season
5767,1 Season
5769,1 Season
5770,1 Season
5772,1 Season
5775,1 Season
5778,1 Season
5782,1 Season
5786,4 Seasons
5800,1 Season
5801,1 Season
5802,1 Season
5803,1 Season
5804,9 Seasons
5806,1 Season
5807,1 Season
5808,2 Seasons
5812,1 Season
5813,3 Seasons
5823,1 Season
5824,1 Season
5826,1 Season
5828,2 Seasons
5830,3 Seasons
5835,2 Seasons
5837,2 Seasons
5839,1 Season
5844,1 Season
5845,1 Season
5846,1 Season
5854,1 Season
5856,2 Seasons
5857,2 Seasons
5863,1 Season
5864,1 Season
5867,1 Season
5868,2 Seasons
5870,3 Seasons
5871,1 Season
5872,1 Season
5878,1 Season
5883,1 Season
5886,1 Season
5889,3 Seasons
5896,1 Season
5901,1 Season
5903,2 Seasons
5909,10 Seasons
5915,1 Season
5923,3 Seasons
5924,5 Seasons
5934,3 Seasons
5940,4 Seasons
5941,5 Seasons
5965,1 Season
5975,1 Season
5979,1 Season
5985,1 Season
5987,1 Season
6002,1 Season
6025,1 Season
6027,1 Season
6038,1 Season
6045,1 Season
6067,2 Seasons
6068,1 Season
6080,2 Seasons
6090,1 Season
6095,1 Season
6101,1 Season
6102,2 Seasons
6103,1 Season
6106,1 Season
6127,5 Seasons
6133,1 Season
6138,3 Seasons
6140,1 Season
6147,1 Season
6157,1 Season
6162,1 Season
6167,1 Season
6168,1 Season
6175,5 Seasons
6178,2 Seasons
6195,1 Season
6199,1 Season
6214,3 Seasons
6217,1 Season
6220,1 Season
6229,1 Season
6250,1 Season
6251,5 Seasons
6253,1 Season
6254,1 Season
6259,1 Season
6263,1 Season
6264,1 Season
6265,4 Seasons
6266,2 Seasons
6276,1 Season
6277,1 Season
6280,4 Seasons
6282,1 Season
6292,1 Season
6295,1 Season
6296,1 Season
6302,2 Seasons
6305,3 Seasons
6319,3 Seasons
6320,1 Season
6324,1 Season
6336,1 Season
6342,1 Season
6348,1 Season
6358,1 Season
6361,1 Season
6362,2 Seasons
6365,1 Season
6369,3 Seasons
6372,1 Season
6374,2 Seasons
6379,1 Season
6382,1 Season
6386,1 Season
6390,1 Season
6394,2 Seasons
6399,1 Season
6402,1 Season
6405,1 Season
6408,1 Season
6409,1 Season
6412,1 Season
6414,1 Season
6417,1 Season
6421,1 Season
6427,1 Season
6431,1 Season
6452,2 Seasons
6456,1 Season
6457,11 Seasons
6458,2 Seasons
6460,1 Season
6461,2 Seasons
6470,1 Season
6478,1 Season
6484,1 Season
6488,1 Season
6491,1 Season
6496,1 Season
6499,1 Season
6505,9 Seasons
6506,7 Seasons
6507,8 Seasons
6508,1 Season
6509,1 Season
6510,1 Season
6514,1 Season
6515,1 Season
6520,5 Seasons
6521,1 Season
6525,1 Season
6533,1 Season
6539,1 Season
6543,1 Season
6550,10 Seasons
6557,1 Season
6560,1 Season
6561,2 Seasons
6569,1 Season
6572,1 Season
6573,2 Seasons
6587,3 Seasons
6588,1 Season
6602,1 Season
6604,8 Seasons
6612,1 Season
6614,1 Season
6619,1 Season
6636,1 Season
6647,1 Season
6652,1 Season
6653,1 Season
6659,1 Season
6660,1 Season
6661,1 Season
6664,1 Season
6672,3 Seasons
6673,1 Season
6674,1 Season
6675,1 Season
6677,1 Season
6679,2 Seasons
6691,1 Season
6694,1 Season
6696,1 Season
6698,1 Season
6710,1 Season
6715,1 Season
6718,1 Season
6719,1 Season
6725,2 Seasons
6729,1 Season
6732,1 Season
6733,1 Season
6742,1 Season
6743,6 Seasons
6745,1 Season
6751,2 Seasons
6764,2 Seasons
6767,3 Seasons
6771,1 Season
6774,1 Season
6775,1 Season
6783,1 Season
6786,1 Season
6789,1 Season
6792,1 Season
6796,11 Seasons
6804,4 Seasons
6807,10 Seasons
6811,1 Season
6821,1 Season
6823,2 Seasons
6825,1 Season
6826,1 Season
6828,1 Season
6835,1 Season
6836,1 Season
6837,1 Season
6839,1 Season
6842,1 Season
6850,1 Season
6858,1 Season
6869,2 Seasons
6872,2 Seasons
6874,1 Season
6886,6 Seasons
6890,2 Seasons
6891,3 Seasons
6895,2 Seasons
6896,1 Season
6902,2 Seasons
6907,2 Seasons
6918,3 Seasons
6920,1 Season
6923,2 Seasons
6924,1 Season
6931,1 Season
6933,1 Season
6936,4 Seasons
6938,1 Season
6942,5 Seasons
6952,2 Seasons
6954,1 Season
6956,5 Seasons
6964,2 Seasons
6966,1 Season
6970,3 Seasons
6971,5 Seasons
6972,3 Seasons
6975,1 Season
6977,1 Season
6982,1 Season
6997,3 Seasons
6999,1 Season
7007,1 Season
7018,1 Season
7025,1 Season
7029,1 Season
7030,2 Seasons
7034,2 Seasons
7040,1 Season
7051,2 Seasons
7055,1 Season
7060,1 Season
7070,1 Season
7081,1 Season
7082,1 Season
7083,1 Season
7084,1 Season
7086,2 Seasons
7099,2 Seasons
7101,1 Season
7102,1 Season
7113,1 Season
7121,1 Season
7124,2 Seasons
7126,2 Seasons
7130,1 Season
7132,1 Season
7141,1 Season
7143,1 Season
7144,1 Season
7149,2 Seasons
7156,1 Season
7158,1 Season
7176,1 Season
7177,1 Season
7178,1 Season
7183,1 Season
7185,1 Season
7186,1 Season
7188,1 Season
7197,2 Seasons
7210,1 Season
7215,1 Season
7216,1 Season
7218,2 Seasons
7223,1 Season
7236,1 Season
7246,1 Season
7255,3 Seasons
7256,1 Season
7257,1 Season
7258,1 Season
7259,1 Season
7265,1 Season
7267,3 Seasons
7269,1 Season
7280,1 Season
7286,1 Season
7288,3 Seasons
7289,1 Season
7292,1 Season
7296,3 Seasons
7298,1 Season
7301,1 Season
7302,1 Season
7308,2 Seasons
7313,1 Season
7322,4 Seasons
7325,1 Season
7326,1 Season
7332,2 Seasons
7334,1 Season
7339,1 Season
7341,1 Season
7343,5 Seasons
7344,1 Season
7349,1 Season
7350,1 Season
7354,1 Season
7360,1 Season
7369,7 Seasons
7376,1 Season
7377,1 Season
7382,1 Season
7383,1 Season
7384,1 Season
7386,1 Season
7393,1 Season
7405,1 Season
7407,4 Seasons
7409,1 Season
7410,2 Seasons
7419,1 Season
7436,1 Season
7437,1 Season
7439,1 Season
7447,1 Season
7448,1 Season
7450,1 Season
7454,1 Season
7456,1 Season
7458,2 Seasons
7460,1 Season
7464,1 Season
7469,1 Season
7481,1 Season
7484,1 Season
7486,1 Season
7503,2 Seasons
7505,1 Season
7506,1 Season
7522,2 Seasons
7529,3 Seasons
7530,2 Seasons
7539,1 Season
7541,1 Season
7548,1 Season
7552,1 Season
7569,1 Season
7570,1 Season
7572,1 Season
7573,1 Season
7574,1 Season
7575,3 Seasons
7577,3 Seasons
7587,2 Seasons
7589,1 Season
7590,1 Season
7594,1 Season
7598,1 Season
7624,1 Season
7625,1 Season
7628,1 Season
7629,7 Seasons
7630,1 Season
7633,1 Season
7641,1 Season
7647,2 Seasons
7649,1 Season
7650,1 Season
7667,1 Season
7672,1 Season
7675,1 Season
7676,1 Season
7680,3 Seasons
7690,1 Season
7694,1 Season
7699,1 Season
7706,2 Seasons
7710,7 Seasons
7711,1 Season
7719,1 Season
7722,5 Seasons
7726,3 Seasons
7730,5 Seasons
7744,1 Season
7748,1 Season
7749,1 Season
7757,8 Seasons
7760,1 Season
7761,1 Season
7762,1 Season
7763,1 Season
7764,1 Season
7765,1 Season
7766,1 Season
7767,1 Season
7768,1 Season
7769,1 Season
7770,1 Season
7771,1 Season
7772,1 Season
7773,1 Season
7774,1 Season
7778,1 Season
7780,1 Season
7783,1 Season
7784,1 Season
7785,1 Season
7786,1 Season
7787,1 Season
7796,1 Season
7799,1 Season
7801,2 Seasons
7807,3 Seasons
7809,1 Season
7811,1 Season
7813,1 Season
7814,1 Season
7816,1 Season
7829,1 Season
7836,1 Season
7839,1 Season
7841,1 Season
7843,4 Seasons
7848,13 Seasons
7851,2 Seasons
7857,6 Seasons
7863,1 Season
7865,1 Season
7868,4 Seasons
7871,5 Seasons
7873,1 Season
7879,1 Season
7893,3 Seasons
7897,8 Seasons
7898,1 Season
7907,3 Seasons
7909,1 Season
7919,1 Season
7943,1 Season
7949,1 Season
7954,7 Seasons
7969,1 Season
7983,1 Season
7985,1 Season
7992,1 Season
7994,1 Season
8003,4 Seasons
8016,1 Season
8021,2 Seasons
8022,1 Season
8023,3 Seasons
8031,3 Seasons
8032,1 Season
8041,1 Season
8059,1 Season
8063,1 Season
8065,4 Seasons
8071,2 Seasons
8084,1 Season
8086,1 Season
8094,1 Season
8095,1 Season
8098,1 Season
8103,1 Season
8108,1 Season
8110,1 Season
8118,1 Season
8122,1 Season
8126,3 Seasons
8130,1 Season
8133,1 Season
8138,1 Season
8144,1 Season
8148,2 Seasons
8149,1 Season
8166,1 Season
8173,1 Season
8174,1 Season
8175,8 Seasons
8176,1 Season
8181,2 Seasons
8183,2 Seasons
8190,8 Seasons
8194,2 Seasons
8200,1 Season
8207,1 Season
8208,1 Season
8209,1 Season
8210,1 Season
8215,1 Season
8217,1 Season
8236,1 Season
8244,1 Season
8251,1 Season
8258,2 Seasons
8263,1 Season
8272,2 Seasons
8278,1 Season
8283,1 Season
8288,1 Season
8294,1 Season
8303,1 Season
8312,5 Seasons
8316,2 Seasons
8317,1 Season
8322,1 Season
8332,4 Seasons
8335,1 Season
8337,1 Season
8348,1 Season
8350,3 Seasons
8354,1 Season
8358,3 Seasons
8367,2 Seasons
8369,1 Season
8372,1 Season
8374,1 Season
8377,1 Season
8379,6 Seasons
8380,1 Season
8393,1 Season
8398,1 Season
8412,1 Season
8422,1 Season
8423,5 Seasons
8424,2 Seasons
8425,3 Seasons
8429,1 Season
8430,1 Season
8432,1 Season
8438,1 Season
8440,1 Season
8443,9 Seasons
8472,1 Season
8475,1 Season
8477,1 Season
8483,1 Season
8491,1 Season
8504,1 Season
8511,3 Seasons
8519,2 Seasons
8520,1 Season
8524,1 Season
8534,1 Season
8540,4 Seasons
8542,4 Seasons
8545,1 Season
8546,1 Season
8550,1 Season
8552,1 Season
8558,7 Seasons
8561,1 Season
8568,1 Season
8575,1 Season
8576,1 Season
8589,1 Season
8593,1 Season
8594,1 Season
8597,1 Season
8600,3 Seasons
8601,2 Seasons
8605,1 Season
8606,3 Seasons
8610,1 Season
8634,1 Season
8645,2 Seasons
8647,2 Seasons
8654,4 Seasons
8670,2 Seasons
8680,2 Seasons
8685,3 Seasons
8691,2 Seasons
8701,1 Season
8711,8 Seasons
8713,2 Seasons
8721,1 Season
8722,1 Season
8727,5 Seasons
8737,1 Season
8741,1 Season
8742,1 Season
8748,1 Season
8750,1 Season
8756,3 Seasons
8759,1 Season
8776,1 Season
8781,1 Season
8784,1 Season
8786,1 Season
8796,2 Seasons
8797,2 Seasons
8798,3 Seasons
8801,1 Season
8804,2 Seasons
